#,Player,Team,Pos,ADP,PTS,GP,PTS,G,A,'+/-,PIM,EVG,EVA,GWG,PPG,PPA,PPP,SOG,ATOI,FOW,BLK,HIT,GS,W,L,T/O,SO,SV,GA,SA,SV%,GAA
1,Nathan MacKinnon,Avalanche,C,2.4,1047.5,82,126,45.6,80.9,11.6,38,35,55,7,11,26,36.7,335,23.3,688.8,52.2,65.3,—,—,—,—,—,—,—,—,—,—
2,Connor McDavid,Oilers,C,1.5,986.9,82,130,38.8,91.3,9,41,26,51,6,12,40,52.1,258.8,23.3,451,33.8,69.9,—,—,—,—,—,—,—,—,—,—
3,Macklin Celebrini,Sharks,C,7.4,911.5,78,112,40.8,71.4,1.3,40,31,50,6,10,22,31.7,287,22.6,565.7,56.8,64.3,—,—,—,—,—,—,—,—,—,—
4,Nikita Kucherov,Lightning,RW,4.1,906.0,79,124,36.6,87.2,6.2,41,27,51,6,9,36,45.2,224.2,20.2,1.5,33,47.1,—,—,—,—,—,—,—,—,—,—
5,Leon Draisaitl,Oilers,"C,LW",6.6,859.7,80,110,42.2,67.9,8.2,42,23,41,7,19,27,45.9,221.6,21.8,753.4,27.3,50,—,—,—,—,—,—,—,—,—,—
6,David Pastrnak,Bruins,RW,9.5,812.9,80,101,35.8,65.4,'-3.2,49,27,46,6,9,19,28.6,283,21.1,4.1,31,83.1,—,—,—,—,—,—,—,—,—,—
7,Jack Eichel,Knights,C,23.0,795.2,74,95,31,64.1,6.8,22,24,35,5,6,28,34.1,241.8,22.1,530.2,53.4,42.3,—,—,—,—,—,—,—,—,—,—
8,Evan Bouchard,Oilers,D,18.9,790.3,84,88,17.5,70.1,10,38,12,41,3,6,29,34.8,221.9,25.4,0,115.6,89.5,—,—,—,—,—,—,—,—,—,—
9,Jason Robertson,Stars,"LW,RW",13.3,785.6,82,92,39.4,52.4,5.7,31,27,32,6,12,20,31.9,246.3,21,4,42.7,70.8,—,—,—,—,—,—,—,—,—,—
10,Cale Makar,Avalanche,D,7.3,779.4,79,84,20.6,63.2,11.2,29,14,37,3,6,26,32.2,205.1,25.2,0,131.6,50.4,—,—,—,—,—,—,—,—,—,—
11,Kirill Kaprizov,Wild,LW,10.9,770.9,77,91,40.2,50.6,5.6,33,27,33,6,13,17,30.7,244.8,22.9,1.7,34.4,56.8,—,—,—,—,—,—,—,—,—,—
12,Martin Necas,Avalanche,RW,14.8,765.9,81,95,36.6,58.7,11.1,33,25,42,6,11,17,28,222,22.5,50.3,33.5,94.3,—,—,—,—,—,—,—,—,—,—
13,Quinn Hughes,Wild,D,14.1,760.2,79,91,13.8,77.2,7.3,38,9,42,2,5,35,40,201.7,28.5,0,92.5,22.9,—,—,—,—,—,—,—,—,—,—
14,Auston Matthews,Maple Leafs,C,17.1,750.0,76,74,36.8,36.8,1.8,26,29,27,6,8,10,20.3,269.6,21,704.1,95.2,65.4,—,—,—,—,—,—,—,—,—,—
15,Wyatt Johnston,Stars,"C,RW",24.3,746.8,84,85,39.5,45.9,5.7,33,24,31,6,16,15,30.3,220,21,412.5,56.2,66.1,—,—,—,—,—,—,—,—,—,—
16,Matt Boldy,Wild,"LW,RW",20.9,739.5,80,83,36,46.4,4.9,42,25,29,6,11,17,28.4,235.2,20.8,44.7,59.6,63.3,—,—,—,—,—,—,—,—,—,—
17,Zach Werenski,Blue Jackets,D,17.1,735.7,77,79,19.9,59.1,'-2,30,16,40,3,4,18,22.4,240.6,27.6,0,122.6,33.4,—,—,—,—,—,—,—,—,—,—
18,Kyle Connor,Jets,LW,29.0,710.5,81,87,37,50.3,'-6.3,25,30,33,6,7,17,24,244.1,21.5,3.3,32.2,38.9,—,—,—,—,—,—,—,—,—,—
19,Nick Suzuki,Canadiens,C,12.1,706.3,84,87,28.9,58.5,3.6,27,20,34,4,8,24,32.5,177.7,21.8,702.2,66.8,75.4,—,—,—,—,—,—,—,—,—,—
20,William Nylander,Maple Leafs,"C,RW",42.8,704.9,84,87,36.9,50.2,2,29,29,36,6,8,14,22.9,221.3,19.8,42,33.7,30.3,—,—,—,—,—,—,—,—,—,—
21,Filip Forsberg,Predators,LW,56.1,700.7,81,79,37.9,41,'-5.6,40,26,25,6,11,16,27.7,246.7,19.6,3.9,43.1,137.9,—,—,—,—,—,—,—,—,—,—
22,Brady Tkachuk,Panthers,"C,LW",24.0,696.4,80,71,31.3,39.9,9.3,82,24,28,5,7,12,19.1,288.1,18.1,170.3,32.9,247.1,—,—,—,—,—,—,—,—,—,—
23,Artemi Panarin,Kings,LW,49.7,690.5,81,88,31.9,55.7,1.9,27,25,35,5,6,21,27.3,222,20.2,2.3,18.1,25.6,—,—,—,—,—,—,—,—,—,—
24,Tage Thompson,Sabres,"C,RW",29.7,682.0,79,74,38.9,35.3,1.5,34,31,21,6,8,14,21.9,241.9,20.1,361.4,42.9,89.6,—,—,—,—,—,—,—,—,—,—
25,Clayton Keller,Utah,"LW,RW",45.1,682.0,83,85,28.3,57.1,1.6,37,23,37,4,5,20,25.5,216.4,19.8,26.8,34.8,23.3,—,—,—,—,—,—,—,—,—,—
26,Mikko Rantanen,Stars,"LW,RW",24.9,680.3,79,86,29,56.9,5.4,64,20,34,5,9,23,31.7,180.5,21,108.4,42,61.3,—,—,—,—,—,—,—,—,—,—
27,Jack Hughes,Devils,"C,LW",18.8,679.9,67,81,31,49.5,1.3,20,25,30,5,6,19,25.3,230.4,21.9,204.1,35.3,19.4,—,—,—,—,—,—,—,—,—,—
28,Rasmus Dahlin,Sabres,D,35.8,676.0,81,75,18.2,57,2,63,13,40,3,5,17,21.9,201.1,25.3,0,110,136.6,—,—,—,—,—,—,—,—,—,—
29,Cole Caufield,Canadiens,"LW,RW",18.6,670.9,80,76,39.9,36.6,3,22,29,23,6,11,13,24.2,226.5,18.8,2.5,26.9,62.5,—,—,—,—,—,—,—,—,—,—
30,Sam Reinhart,Panthers,RW,43.1,669.5,82,75,35.7,39.1,9.7,25,21,26,6,12,12,23.5,194.8,20.5,158.1,57.2,89.7,—,—,—,—,—,—,—,—,—,—
31,Jake Guentzel,Lightning,"LW,RW",33.7,667.1,79,79,33,45.5,5.6,40,22,27,5,11,18,29,194.5,19.3,159.2,42.9,50.8,—,—,—,—,—,—,—,—,—,—
32,Brandon Hagel,Lightning,"LW,RW",37.2,659.7,81,80,32.9,47.5,6.1,56,27,37,5,5,9,14.1,203.8,19.9,19.2,48.5,64.8,—,—,—,—,—,—,—,—,—,—
33,Jesper Bratt,Devils,"LW,RW",75.0,650.4,84,87,25.1,61.9,1.2,22,19,39,4,6,22,28.2,177.3,18.7,2.1,33.8,85.2,—,—,—,—,—,—,—,—,—,—
34,Cutter Gauthier,Ducks,"C,LW,RW",33.6,646.9,76,69,32.3,37.1,1.9,30,22,27,5,10,10,20.2,256,18.5,35.4,30.1,71.7,—,—,—,—,—,—,—,—,—,—
35,Mitch Marner,Knights,"C,LW,RW",44.6,642.6,78,85,23.9,61.2,6.5,26,17,38,4,6,23,28.7,152.5,21,50.5,46.8,47.7,—,—,—,—,—,—,—,—,—,—
36,Matthew Schaefer,Islanders,D,34.2,642.4,77,66,18.6,47.1,'-4.5,40,14,34,3,5,13,17.8,221,26.2,0,116.9,52.1,—,—,—,—,—,—,—,—,—,—
37,Alex DeBrincat,Red Wings,"LW,RW",42.1,642.4,82,73,35.1,37.5,'-5,29,23,26,5,12,12,23.5,228.2,18.3,16.9,39.4,67.4,—,—,—,—,—,—,—,—,—,—
38,Moritz Seider,Red Wings,D,55.9,637.7,82,57,10.7,46.2,'-6.8,52,7,22,2,3,23,26.9,154.8,25.4,0,209.2,217.6,—,—,—,—,—,—,—,—,—,—
39,Mark Scheifele,Jets,C,35.2,634.0,80,86,32.1,54.4,'-6.3,43,24,40,5,8,14,22.4,156.8,21.1,585.1,50.5,59.2,—,—,—,—,—,—,—,—,—,—
40,Mika Zibanejad,Rangers,"C,RW",91.9,633.0,83,73,30,43.1,'-5,26,17,27,5,12,14,26.5,203.6,21.2,561.3,54.4,86.4,—,—,—,—,—,—,—,—,—,—
41,Sebastian Aho,Hurricanes,C,81.4,632.7,80,77,30.6,46.1,9.3,40,22,27,5,7,17,24.3,188.6,20.1,602.7,27.8,67.4,—,—,—,—,—,—,—,—,—,—
42,Roman Josi,Predators,D,79.9,632.0,76,62,14.1,48.2,'-7,38,10,25,2,4,23,26.6,203.5,26.1,0,132.3,47.6,—,—,—,—,—,—,—,—,—,—
43,Dylan Guenther,Utah,"LW,RW",39.6,627.7,76,67,31.7,35.7,1.4,31,22,23,5,10,13,23,229,18.6,6.1,39.8,71.4,—,—,—,—,—,—,—,—,—,—
44,Matthew Tkachuk,Panthers,"LW,RW",33.3,624.3,75,74,27.8,46.1,8.6,66,19,30,4,9,16,24.9,203.9,18.4,2.6,22.6,101.1,—,—,—,—,—,—,—,—,—,—
45,Sidney Crosby,Penguins,C,52.6,624.2,78,80,29.6,50,'-2,40,21,38,5,8,12,20.4,191.2,20,906.3,37.7,78.6,—,—,—,—,—,—,—,—,—,—
46,Nico Hischier,Devils,C,150.4,621.4,78,72,30.1,41.5,1.2,28,19,25,5,11,15,26.1,181,20.5,917.6,57.3,58.4,—,—,—,—,—,—,—,—,—,—
47,Juraj Slafkovsky,Canadiens,"LW,RW",52.7,619.4,83,72,28.9,43.1,3.2,47,18,32,4,11,11,21.4,166,19.2,7.9,75,153.2,—,—,—,—,—,—,—,—,—,—
48,Tim Stutzle,Senators,"C,LW",47.2,619.1,81,79,26.8,52.7,0.4,40,21,33,4,5,20,25.1,168.4,20.1,278.5,44.9,123.7,—,—,—,—,—,—,—,—,—,—
49,Kirill Marchenko,Blue Jackets,RW,60.4,617.1,80,70,29.2,40.8,'-1.5,31,23,25,5,6,16,21.8,214.8,20,17.8,44.8,71.5,—,—,—,—,—,—,—,—,—,—
50,Jake Sanderson,Senators,D,63.7,614.1,81,58,14.4,43.9,0.5,23,10,27,2,4,17,21,169,25,0.5,157,48.4,—,—,—,—,—,—,—,—,—,—
51,Pavel Dorofeyev,Rangers,"LW,RW",70.6,613.4,83,66,35.3,30.7,'-4.7,31,22,20,5,14,10,23.7,223.6,18.3,0.1,39.6,43.4,—,—,—,—,—,—,—,—,—,—
52,Adrian Kempe,Kings,RW,52.7,613.4,82,70,31.3,38.9,1.7,50,25,26,5,6,12,17.9,214,18.9,23.2,38.2,116.6,—,—,—,—,—,—,—,—,—,—
53,Adam Fantilli,Blue Jackets,C,95.0,605.5,82,67,31.5,35.9,'-1.6,33,27,28,4,5,8,12.1,218,19.9,476,55.7,139.6,—,—,—,—,—,—,—,—,—,—
54,Lane Hutson,Canadiens,D,20.0,603.6,83,79,7.1,72.2,4.3,40,6,52,1,1,20,21.6,116,24.2,0,116,44.9,—,—,—,—,—,—,—,—,—,—
55,Aleksander Barkov,Panthers,C,52.4,603.1,70,73,21.6,51.1,8.6,24,15,33,3,5,17,24.6,165.4,20.9,611.6,53.8,93.4,—,—,—,—,—,—,—,—,—,—
56,Zach Hyman,Oilers,"LW,RW",99.0,600.0,79,62,35.6,26.1,7.4,40,24,19,6,11,7,18.8,220.7,20.4,19.5,31,82.5,—,—,—,—,—,—,—,—,—,—
57,Drake Batherson,Senators,"LW,RW",81.1,593.0,83,72,30.7,41.2,0.4,37,21,25,5,10,16,25.9,176.1,18.4,19,32.9,133.6,—,—,—,—,—,—,—,—,—,—
58,Nikolaj Ehlers,Hurricanes,LW,120.3,592.2,80,67,25.5,41.3,8.8,24,20,26,4,6,16,21.3,199.1,17.4,5.1,34.6,41.1,—,—,—,—,—,—,—,—,—,—
59,Jakob Chychrun,Capitals,D,54.7,587.7,81,52,18.5,33.4,5.4,56,13,24,3,5,10,14.9,199.7,23.8,0,122.8,69.1,—,—,—,—,—,—,—,—,—,—
60,Leo Carlsson,Ducks,C,43.3,585.9,73,69,29.8,39.1,1.9,27,22,24,5,8,15,23.2,182,20.2,383.5,36.7,33.3,—,—,—,—,—,—,—,—,—,—
61,Bo Horvat,Islanders,C,135.1,585.8,80,63,32.1,30.6,'-3.3,32,23,22,5,8,8,15.8,224.7,20.5,751.8,43.6,84.9,—,—,—,—,—,—,—,—,—,—
62,Joel Eriksson Ek,Wild,C,198.7,582.5,77,58,27.6,30.6,4.5,40,18,22,4,10,9,18.4,220.5,20.5,708.5,50.3,137.1,—,—,—,—,—,—,—,—,—,—
63,Adam Fox,Rangers,D,58.0,582.5,78,71,11,59.8,'-5.7,38,7,33,2,4,25,29.5,126.9,23.6,0,115.5,44.6,—,—,—,—,—,—,—,—,—,—
64,Lucas Raymond,Red Wings,RW,69.5,581.2,80,76,24.8,51.3,'-4.9,28,17,28,4,8,23,31.2,159,18.4,8.9,31.5,55.2,—,—,—,—,—,—,—,—,—,—
65,Dylan Larkin,Red Wings,C,93.3,574.9,75,65,30.8,34,'-4.6,42,18,24,5,12,10,21.9,205.6,20,765,34.5,52,—,—,—,—,—,—,—,—,—,—
66,Tomas Hertl,Knights,"C,LW",200.5,568.8,81,60,26.6,33.3,5.9,32,15,21,4,11,12,23.8,180.1,17.8,670.1,54.5,109.8,—,—,—,—,—,—,—,—,—,—
67,Brock Nelson,Avalanche,C,169.3,565.5,83,61,29.3,31.3,8.9,34,21,23,5,7,7,14,182.6,18.7,630.1,54.4,45.7,—,—,—,—,—,—,—,—,—,—
68,Beckett Sennecke,Ducks,RW,103.0,564.4,78,67,27.5,39.1,2.1,49,23,26,4,4,13,17.6,193,18.4,0.5,29.9,100.8,—,—,—,—,—,—,—,—,—,—
69,Robert Thomas,Blues,C,74.0,563.1,76,79,22.8,56.2,'-5.6,32,18,38,4,4,18,21.7,132.4,20.3,697.6,50.1,24.8,—,—,—,—,—,—,—,—,—,—
70,Darren Raddysh,Maple Leafs,D,50.4,560.9,78,60,12.8,46.9,2.1,41,8,29,2,5,18,22.3,169.6,23.4,0,95.1,72.4,—,—,—,—,—,—,—,—,—,—
71,John Tavares,Maple Leafs,C,138.8,560.8,81,64,29,35.2,1.8,37,21,28,5,8,7,15.8,194.3,18.2,775.6,35.9,96,—,—,—,—,—,—,—,—,—,—
72,Andrei Svechnikov,Hurricanes,"LW,RW",118.9,558.7,75,64,26.7,37.7,8.3,58,18,23,4,9,15,23.4,178.6,17.7,2.4,23.6,151.9,—,—,—,—,—,—,—,—,—,—
73,Brandt Clarke,Kings,D,104.6,557.7,82,47,9.1,37.8,2.1,54,7,24,1,2,14,15.6,166,20.4,0,167.1,40.4,—,—,—,—,—,—,—,—,—,—
74,Mikhail Sergachev,Utah,D,93.0,555.6,80,55,10.5,44.9,1.8,44,8,25,2,3,19,22.3,136.5,24.6,0,141.9,83.4,—,—,—,—,—,—,—,—,—,—
75,Travis Konecny,Flyers,"LW,RW",133.0,555.1,80,69,26.8,42.6,'-0.2,52,21,33,4,4,8,12.5,176.7,19.7,15.6,40.3,105.4,—,—,—,—,—,—,—,—,—,—
76,Nazem Kadri,Avalanche,"C,LW",160.8,554.9,83,58,24.8,33.4,8.7,42,19,23,4,6,11,16.8,213.2,17.5,562.7,29.6,59,—,—,—,—,—,—,—,—,—,—
77,Steven Stamkos,Predators,"C,RW",129.1,553.6,83,59,31.5,27.8,'-5.1,49,18,17,5,13,11,24.5,191.1,18.2,359.8,42.6,86.2,—,—,—,—,—,—,—,—,—,—
78,Bryan Rust,Penguins,RW,125.3,552.0,73,60,27.8,32.5,'-1.6,28,20,20,4,7,12,19.2,176.2,19.3,3.4,61.4,65.8,—,—,—,—,—,—,—,—,—,—
79,Alex Tuch,Capitals,"LW,RW",101.3,551.2,79,58,26.8,31.4,3.8,46,22,28,4,2,3,7.2,171.9,18.5,34.7,88.1,78.9,—,—,—,—,—,—,—,—,—,—
80,Timo Meier,Devils,"LW,RW",96.8,550.3,80,53,26.4,26.5,1.3,37,20,21,4,6,6,11.9,225.7,18.3,22.8,56.4,134.7,—,—,—,—,—,—,—,—,—,—
81,Alex Ovechkin,Capitals,"LW,RW",94.0,549.0,80,58,28.5,29.1,2.9,28,20,18,4,9,11,20.1,217.1,16.3,0.6,20.2,123.1,—,—,—,—,—,—,—,—,—,—
82,Mathew Barzal,Islanders,"C,RW",168.4,543.8,75,66,20.8,44.9,'-3.5,38,17,31,3,4,14,18.1,175.7,20.9,140.6,52.1,52,—,—,—,—,—,—,—,—,—,—
83,Rickard Rakell,Penguins,"C,LW,RW",134.1,542.9,78,59,28,30.8,'-1.8,22,21,23,4,7,8,14.9,185.3,18.9,31.6,58.7,107.4,—,—,—,—,—,—,—,—,—,—
84,Dylan Holloway,Blues,"C,LW",105.6,542.1,73,63,28.4,34.9,'-5.7,24,19,29,4,9,6,15.3,179.8,19.2,25.5,51.1,180.5,—,—,—,—,—,—,—,—,—,—
85,J.T. Miller,Rangers,"C,LW,RW",112.2,541.9,78,69,22.1,46.7,'-4.6,45,15,28,3,6,17,23.3,151.1,19.8,653.7,49.1,166,—,—,—,—,—,—,—,—,—,—
86,Logan Cooley,Utah,C,122.7,540.0,81,66,27.8,37.8,1.4,42,20,26,4,8,12,19.1,158,18,365,38.8,79,—,—,—,—,—,—,—,—,—,—
87,Kevin Fiala,Kings,LW,200.6,538.3,80,57,27.6,28.9,1.7,45,20,15,4,8,14,21.5,199.5,18.6,8.3,31.1,66,—,—,—,—,—,—,—,—,—,—
88,Will Smith,Sharks,"LW,RW",63.4,537.9,75,68,27.3,40.7,1,24,20,33,4,8,8,15.7,175,18.7,54.8,20.4,33.6,—,—,—,—,—,—,—,—,—,—
89,Carter Verhaeghe,Panthers,LW,206.9,537.2,81,58,26,31.8,9.7,38,21,25,4,5,7,11.9,204,18.1,52.5,27.2,83.1,—,—,—,—,—,—,—,—,—,—
90,Dylan Cozens,Senators,C,203.7,536.2,83,61,27.2,33.7,0.4,50,19,22,4,8,11,19.8,182.7,17.1,499.7,33.4,186.4,—,—,—,—,—,—,—,—,—,—
91,Vincent Trocheck,Utah,C,205.6,535.2,81,58,22.9,34.9,1.4,52,16,24,4,4,10,14.5,180.4,19.7,786,64,195.5,—,—,—,—,—,—,—,—,—,—
92,Ryan O'Reilly,Predators,C,194.0,533.2,82,66,23.6,41.9,'-5.2,28,16,29,4,7,13,20.1,143.6,19.5,743.6,65,29.6,—,—,—,—,—,—,—,—,—,—
93,Connor Bedard,Blackhawks,"C,RW",62.5,532.4,64,67,26,41.4,'-8.6,43,19,30,4,7,12,18.3,182,20,244.6,27.6,41.2,—,—,—,—,—,—,—,—,—,—
94,Ivan Demidov,Canadiens,RW,84.8,532.4,82,69,23.7,44.7,2.7,37,16,36,4,7,9,16.5,166,15.8,0,23.6,67.9,—,—,—,—,—,—,—,—,—,—
95,Nick Schmaltz,Utah,"C,RW",102.0,531.3,78,62,24.1,37.9,1.5,25,16,28,4,7,9,16.3,169.6,19.5,302.7,46.9,28.3,—,—,—,—,—,—,—,—,—,—
96,Brayden Point,Lightning,C,84.1,528.4,77,63,27.2,35.4,5.4,21,16,25,4,11,10,20.7,151.6,18,364.4,35,34.9,—,—,—,—,—,—,—,—,—,—
97,Mark Stone,Knights,RW,106.1,524.4,62,66,21.7,44.3,5,18,14,26,3,7,18,25.1,123.7,19.8,4.3,45.5,41.3,—,—,—,—,—,—,—,—,—,—
98,Erik Karlsson,Penguins,D,75.1,520.1,82,55,11.7,43.5,'-2.3,34,9,28,2,2,15,17.8,176.2,23.3,0,86.3,32.7,—,—,—,—,—,—,—,—,—,—
99,John Carlson,Lightning,D,85.1,519.3,78,50,9.2,40.9,6.9,37,7,28,1,2,12,14.8,145,23,0,126.6,49.2,—,—,—,—,—,—,—,—,—,—
100,Jackson LaCombe,Ducks,D,79.5,518.8,76,50,10.5,39.9,2.5,30,7,25,2,3,14,16.5,128.7,25.5,0,142.4,76.5,—,—,—,—,—,—,—,—,—,—
101,Tom Wilson,Capitals,RW,131.8,518.5,78,57,27,29.9,3.8,80,19,24,4,7,5,11.4,156.5,19.7,16.2,65.6,210.3,—,—,—,—,—,—,—,—,—,—
102,Porter Martone,Flyers,RW,69.1,517.5,74,58,25,33,0,70,19,25,3,6,8,14,205,17,0,23,185,—,—,—,—,—,—,—,—,—,—
103,Miro Heiskanen,Stars,D,72.6,516.7,76,51,8.6,41.9,6,33,7,24,1,2,17,18.9,138.7,24.6,0,122.9,39.5,—,—,—,—,—,—,—,—,—,—
104,Dylan Strome,Capitals,C,201.1,515.7,83,62,22.3,39.3,3.7,39,16,24,3,6,15,21.4,135,17,729.6,53,24.9,—,—,—,—,—,—,—,—,—,—
105,Ryan Nugent-Hopkins,Oilers,"C,LW",201.1,515.4,80,59,20.9,37.6,6.2,30,12,17,3,9,20,28.4,145,19,232.1,39.9,42.1,—,—,—,—,—,—,—,—,—,—
106,MacKenzie Weegar,Utah,D,110.3,515.1,83,39,8.7,30.7,1.9,55,8,22,1,1,7,8.4,154.6,22.4,0,180.4,181.1,—,—,—,—,—,—,—,—,—,—
107,Mikael Granlund,Ducks,"C,LW",—,514.8,76,61,22.3,38.9,1.9,31,15,26,3,7,13,20.2,140.3,19.8,442.2,54.9,57.2,—,—,—,—,—,—,—,—,—,—
108,Josh Morrissey,Jets,D,86.6,511.4,79,57,11.9,44.9,'-6.9,37,9,28,2,3,17,19.8,139.5,23,0,109,90.2,—,—,—,—,—,—,—,—,—,—
109,Noah Dobson,Canadiens,D,96.3,508.1,79,44,10.3,33.6,3.7,39,9,28,2,1,5,7.2,149.4,21.4,0,155.6,63.5,—,—,—,—,—,—,—,—,—,—
110,Alexis Lafreniere,Rangers,"LW,RW",145.0,507.2,83,61,27.2,34,'-5.2,32,20,27,4,7,7,14.1,169.2,18.7,19.1,37.9,104.3,—,—,—,—,—,—,—,—,—,—
111,Rasmus Andersson,Knights,D,111.8,506.3,82,37,11.6,25.7,8.3,58,9,20,2,2,5,7.1,151.3,22.9,0,166.9,42,—,—,—,—,—,—,—,—,—,—
112,William Eklund,Senators,"LW,RW",195.5,501.6,80,60,21.9,38,0.4,33,18,29,3,4,9,13,152,19,12.9,54.6,68.6,—,—,—,—,—,—,—,—,—,—
113,Shayne Gostisbehere,Hurricanes,D,97.2,500.8,73,53,12.2,41.1,8.8,35,8,23,2,5,18,22.9,127.3,18.9,0,85.2,42.1,—,—,—,—,—,—,—,—,—,—
114,Owen Tippett,Flyers,"LW,RW",—,498.8,80,49,25.3,23.9,'-0.2,27,22,20,4,3,4,6.5,205.4,16.7,9.9,53.9,144,—,—,—,—,—,—,—,—,—,—
115,Vitali Pinchuk,Predators,C,—,495.7,73,48,24,24,'-4,17,21,21,4,3,3,6,223,12,0,51,46,—,—,—,—,—,—,—,—,—,—
116,Evgeni Malkin,Penguins,"C,LW,RW",159.6,495.0,74,61,20.2,40.5,'-1.6,54,15,26,3,5,14,19.2,156.4,17.9,258.1,35.8,40.4,—,—,—,—,—,—,—,—,—,—
117,Brad Marchand,Panthers,"LW,RW",172.7,494.4,76,56,22.7,33.5,7.4,57,18,25,4,4,8,17.9,162.2,16.2,15.2,27.6,82.8,—,—,—,—,—,—,—,—,—,—
118,Seth Jarvis,Hurricanes,"LW,RW",145.4,494.1,58,55,25.8,29.1,6.5,18,20,19,4,6,10,16.6,156,19.5,58.3,36.3,75.6,—,—,—,—,—,—,—,—,—,—
119,Jimmy Snuggerud,Blues,RW,191.6,493.9,79,61,21.2,39.8,'-5.6,28,14,35,3,8,5,12.2,163,17.7,0.7,47.6,78.8,—,—,—,—,—,—,—,—,—,—
120,Logan Stankoven,Hurricanes,"C,RW",185.4,490.7,82,53,24.9,27.6,9.9,25,22,23,3,3,5,7.6,182,16.8,313,32.1,65.9,—,—,—,—,—,—,—,—,—,—
121,Kyle Palmieri,Islanders,RW,—,489.5,74,54,24.1,30,'-2.7,26,15,20,4,8,10,18.1,175.3,18.8,30.3,36.3,66,—,—,—,—,—,—,—,—,—,—
122,Sam Bennett,Panthers,C,178.2,488.4,75,50,24,26.4,8.5,66,20,21,4,4,5,9.3,183.3,17.4,461.5,38.2,144.1,—,—,—,—,—,—,—,—,—,—
123,Roope Hintz,Stars,C,119.0,486.8,74,55,22.9,32.5,4.1,30,16,20,4,7,12,19.2,153.1,17.4,478.9,35,70,—,—,—,—,—,—,—,—,—,—
124,Jordan Kyrou,Capitals,RW,197.8,485.9,80,52,23.4,29,3.7,23,20,22,4,4,7,11.1,185.9,16.3,3.8,32.6,34.9,—,—,—,—,—,—,—,—,—,—
125,Roman Kantserov,Blackhawks,LW,—,485.8,73,50,25,25,'-7,41,19,20,4,6,5,11,232,14,0,19,51,—,—,—,—,—,—,—,—,—,—
126,Seth Jones,Panthers,D,127.9,478.8,72,42,9.8,32.1,9.8,31,5,18,2,5,14,19.3,137.3,23.9,0,109.8,88.3,—,—,—,—,—,—,—,—,—,—
127,Jackson Blake,Hurricanes,RW,197.4,476.0,82,51,23,27.7,9.6,40,19,21,3,4,7,10.5,170,17,0.2,34,30.5,—,—,—,—,—,—,—,—,—,—
128,Jared McCann,Kraken,"C,LW",—,472.6,75,55,23.2,31.9,'-6.2,24,15,22,4,7,9,16.9,162.8,16.8,126.9,37.9,56.6,—,—,—,—,—,—,—,—,—,—
129,Mats Zuccarello,Kings,RW,206.8,470.6,73,57,16.5,40.9,1.5,30,13,27,3,3,14,17.6,142.6,18.7,15.4,41.5,34.9,—,—,—,—,—,—,—,—,—,—
130,Matthew Knies,Maple Leafs,"LW,RW",119.0,470.6,81,59,22.7,36.5,1.7,38,19,29,3,4,8,11.9,137,18.2,0.2,37.9,169.3,—,—,—,—,—,—,—,—,—,—
131,Matt Coronato,Flames,RW,—,469.6,81,53,24.9,27.6,'-10.1,32,18,19,4,7,9,15.9,185,17.8,34.1,31.7,40.6,—,—,—,—,—,—,—,—,—,—
132,Morgan Geekie,Bruins,"C,LW,RW",118.6,469.0,76,55,28.1,26.9,'-2.5,28,20,18,4,8,9,16.9,142.4,17.2,247.7,35.8,112,—,—,—,—,—,—,—,—,—,—
133,Gabriel Vilardi,Jets,"C,RW",188.2,468.2,72,58,25.3,32.4,'-4.8,24,14,22,4,11,10,20.8,129,18.1,133.5,38.7,29.6,—,—,—,—,—,—,—,—,—,—
134,Quinton Byfield,Kings,C,178.6,468.0,82,55,23.8,30.8,1.8,45,19,25,4,5,6,10.4,156,18.5,349.4,37.2,76.2,—,—,—,—,—,—,—,—,—,—
135,Brock Faber,Wild,D,83.5,467.6,82,40,11.1,28.4,6.7,35,10,23,2,1,6,6.5,138,24.1,0,136.8,43.9,—,—,—,—,—,—,—,—,—,—
136,Thomas Harley,Stars,D,115.0,466.0,78,41,9.1,31.9,6.5,30,8,26,1,1,6,6.9,130.4,22.8,0,139.6,48.5,—,—,—,—,—,—,—,—,—,—
137,Matt Duchene,Stars,"C,RW",202.3,464.0,80,58,20.6,37.8,4.6,21,15,26,3,5,11,16.8,126.9,16.4,382.8,32.2,42.4,—,—,—,—,—,—,—,—,—,—
138,Luke Evangelista,Predators,"LW,RW",—,462.9,78,58,19.2,38.4,'-5,28,16,26,3,3,12,15,167,16.8,0.5,23.8,38.7,—,—,—,—,—,—,—,—,—,—
139,Shea Theodore,Knights,D,100.7,461.3,73,46,10.6,35.7,8,30,9,31,2,1,5,7.6,141.9,21.9,0,96,18.2,—,—,—,—,—,—,—,—,—,—
140,Matvei Michkov,Flyers,"LW,RW",202.6,458.7,82,57,22.8,34.2,'-0.2,55,18,27,3,5,7,11.4,156,14.2,1.1,22.3,39.9,—,—,—,—,—,—,—,—,—,—
141,Charlie McAvoy,Bruins,D,99.6,458.5,73,45,9.5,35,'-3.2,62,7,23,1,2,12,13.9,118.6,24.3,0,133.4,109.5,—,—,—,—,—,—,—,—,—,—
142,Matty Beniers,Kraken,C,—,457.5,82,53,22.7,29.9,'-8.7,25,17,24,3,5,6,10.8,143,19.7,576.5,68.8,49.7,—,—,—,—,—,—,—,—,—,—
143,Blake Coleman,Wild,"C,LW",—,457.1,80,44,22.9,21.4,4.4,49,19,20,4,2,1,2.2,182.4,17.1,20.2,56.7,158.3,—,—,—,—,—,—,—,—,—,—
144,Josh Doan,Sabres,RW,202.9,455.4,82,51,23,28.4,1.3,27,18,22,4,5,6,11.6,158,15.6,5.2,35.8,82.2,—,—,—,—,—,—,—,—,—,—
145,Luke Hughes,Devils,D,157.0,454.7,76,51,9.2,41.2,1.6,34,8,25,1,1,17,18.1,143,23,0,66.6,28,—,—,—,—,—,—,—,—,—,—
146,Dougie Hamilton,Devils,D,108.3,453.1,73,38,10.9,27.4,1.3,45,8,19,2,3,8,11.4,183.7,21,0,87.4,80.3,—,—,—,—,—,—,—,—,—,—
147,Jordan Eberle,Kraken,RW,—,452.6,82,54,22.1,31.8,'-8.5,29,18,23,3,4,9,13.1,153,18.9,12.8,45.9,54,—,—,—,—,—,—,—,—,—,—
148,Brock Boeser,Canucks,"LW,RW",206.6,447.4,75,53,24.8,28.2,'-11.6,20,17,16,4,8,12,19.3,153.7,19.5,32.4,32.1,69.2,—,—,—,—,—,—,—,—,—,—
149,Viktor Arvidsson,Red Wings,"LW,RW",—,446.4,70,46,21.9,24.5,'-4,30,18,18,3,4,6,9.9,181.6,16.9,12.3,41.8,42.7,—,—,—,—,—,—,—,—,—,—
150,Chris Kreider,Ducks,LW,—,446.3,77,48,24.6,23.2,1.8,35,13,15,4,11,8,18.3,154.8,17.8,22.6,26.4,86.2,—,—,—,—,—,—,—,—,—,—
151,Charlie Coyle,Blue Jackets,C,—,446.3,84,54,20.8,32.7,'-1.3,29,15,27,3,5,5,9.6,129.1,18,565.2,57.9,117.7,—,—,—,—,—,—,—,—,—,—
152,Victor Hedman,Lightning,D,89.2,444.4,79,45,6.6,38.6,6,41,5,24,1,2,14,15.9,117.9,18.7,0,100.5,53.3,—,—,—,—,—,—,—,—,—,—
153,Mattias Ekholm,Oilers,D,158.1,444.1,81,39,7.5,31.9,9.1,40,7,31,1,0,1,3.4,141.3,21.6,0,119.3,76.7,—,—,—,—,—,—,—,—,—,—
154,Jake DeBrusk,Canucks,"LW,RW",206.6,442.4,80,45,24.7,20.6,'-10.1,23,11,14,4,13,7,20,169.6,16.2,8.6,39.4,81.5,—,—,—,—,—,—,—,—,—,—
155,Ivan Barbashev,Knights,LW,206.8,441.7,81,57,20.3,36.2,7.4,25,19,34,3,1,2,3.7,124.7,17.1,59,40.7,140.8,—,—,—,—,—,—,—,—,—,—
156,Trevor Zegras,Flyers,"C,LW,RW",139.1,441.5,75,54,20.6,33.6,'-0.2,45,15,27,3,6,6,12.1,140,18.2,132.4,33.7,59,—,—,—,—,—,—,—,—,—,—
157,Mason McTavish,Blues,C,205.1,440.8,76,52,21.5,30.9,'-5.2,46,17,25,3,5,6,11,155,17.3,426.1,37.1,93.3,—,—,—,—,—,—,—,—,—,—
158,Vince Dunn,Kraken,D,127.9,440.8,76,45,11.4,33.8,'-9.4,51,9,21,2,3,13,15.7,149.4,22.2,0,90.1,46.5,—,—,—,—,—,—,—,—,—,—
159,Jack Quinn,Sabres,RW,—,440.4,79,52,21.9,30.1,1.3,25,18,23,3,4,7,10.3,152.6,15.7,6.2,28.1,60.5,—,—,—,—,—,—,—,—,—,—
160,Anton Frondell,Blackhawks,C,199.9,437.9,70,37,18,19,'-7,24,14,14,3,4,5,9,201,16,185,69,53,—,—,—,—,—,—,—,—,—,—
161,Brandon Montour,Kraken,D,117.6,437.7,79,36,12.8,23.1,'-10.7,54,11,16,2,1,7,8,195.2,23.2,0,98.2,95.7,—,—,—,—,—,—,—,—,—,—
162,Jonathan Marchessault,Predators,"LW,RW",—,436.7,80,48,21.1,27.4,'-4.8,38,15,18,3,6,9,15.1,177,17,17.4,20.6,92.8,—,—,—,—,—,—,—,—,—,—
163,Tyler Toffoli,Sharks,"LW,RW",—,435.8,80,47,21.3,25.6,0.7,21,15,19,3,6,7,12.6,169.1,12.8,31.1,26.8,56.5,—,—,—,—,—,—,—,—,—,—
164,Anders Lee,Utah,LW,—,434.9,83,43,20.9,22.3,1.3,42,17,20,3,3,2,7.8,180.5,15.4,46.4,39.6,112.4,—,—,—,—,—,—,—,—,—,—
165,Alex Laferriere,Kings,"C,LW,RW",203.8,434.8,82,44,21.4,22.8,1.7,29,18,20,3,3,3,5.5,175.5,16.5,80.4,42.9,173.6,—,—,—,—,—,—,—,—,—,—
166,Patrick Kane,Blackhawks,RW,184.4,434.7,70,53,17.8,35.2,'-7.5,22,14,24,3,3,12,18.4,158.2,16.3,3.4,22.9,27.6,—,—,—,—,—,—,—,—,—,—
167,JJ Peterka,Bruins,"LW,RW",192.2,434.2,81,53,25.1,28.3,'-2.7,32,22,25,4,3,4,6.6,157.7,16.6,6.8,20.7,31.4,—,—,—,—,—,—,—,—,—,—
168,Matvei Gridin,Flames,"LW,RW",—,431.4,76,48,19.8,28.6,'-9.2,26,16,18,3,4,10,14.4,152,16,0.9,51,58,—,—,—,—,—,—,—,—,—,—
169,Aliaksei Protas,Capitals,"LW,RW",202.5,429.2,79,52,20.9,30.9,3.9,25,19,29,3,0,1,1,140.7,17.4,39.1,43.8,40.3,—,—,—,—,—,—,—,—,—,—
170,Travis Sanheim,Flyers,D,198.5,427.5,83,36,9.1,26.9,'-0.3,38,8,23,1,0,2,1.9,112.7,24.5,0,160.7,71.5,—,—,—,—,—,—,—,—,—,—
171,Jonathan Huberdeau,Flames,"LW,RW",—,427.0,82,50,18.7,31.3,'-10.4,45,12,21,3,6,10,15.8,138.6,19.4,7.9,54.1,62.6,—,—,—,—,—,—,—,—,—,—
172,Will Cuylle,Rangers,"LW,RW",—,426.6,84,46,22.5,23.5,'-4.6,51,19,20,3,3,3,6.3,152,16.5,8.1,57.4,300.5,—,—,—,—,—,—,—,—,—,—
173,Elias Lindholm,Bruins,C,—,426.5,82,45,16.9,28.4,'-2.6,32,12,19,3,4,9,13.6,134.6,17.9,750.9,68.4,80.5,—,—,—,—,—,—,—,—,—,—
174,Morgan Rielly,Maple Leafs,D,197.9,426.1,80,38,7.9,29.7,2,32,7,21,1,1,8,10.5,127.2,20.6,0,120.4,44.8,—,—,—,—,—,—,—,—,—,—
175,Ryan Hartman,Wild,"C,RW",—,424.7,77,38,18.8,19.1,4.4,51,15,16,3,4,3,6.3,158.8,16.4,365.7,71.2,77.5,—,—,—,—,—,—,—,—,—,—
176,Cole Perfetti,Jets,"LW,RW",—,424.6,74,50,21.3,28.7,'-5,25,17,22,3,4,7,11.1,144.5,17.1,34.1,39.7,66.1,—,—,—,—,—,—,—,—,—,—
177,Mike Matheson,Canadiens,D,165.9,424.5,80,33,7.4,25.4,3.9,45,7,24,1,0,1,4.4,121.3,23.3,0,152.7,66.8,—,—,—,—,—,—,—,—,—,—
178,Anthony Cirelli,Lightning,C,205.1,423.1,78,49,20.9,28.1,5,38,17,25,3,2,2,3.8,123.9,16.8,555.2,56.2,59.1,—,—,—,—,—,—,—,—,—,—
179,Bobby McMann,Kraken,"LW,RW",206.5,422.9,78,44,24.3,19.4,'-8.2,35,21,17,4,3,2,5.5,190.9,17.5,27.7,33.1,178.6,—,—,—,—,—,—,—,—,—,—
180,Pierre-Luc Dubois,Capitals,"C,LW",—,422.1,81,52,16.2,35.9,3.7,53,11,30,3,5,6,10.9,120.2,16.6,503.1,43.9,74.8,—,—,—,—,—,—,—,—,—,—
181,Pavel Buchnevich,Blues,"C,LW,RW",—,421.0,79,50,19.8,30.4,'-5.2,31,15,20,3,4,10,14,140.3,18.5,76.9,36.7,44.7,—,—,—,—,—,—,—,—,—,—
182,Dawson Mercer,Devils,"C,RW",—,420.7,84,46,22.3,23.6,1.3,29,18,20,3,4,3,6.9,136.2,17.6,127,53.5,43.5,—,—,—,—,—,—,—,—,—,—
183,Sean Walker,Hurricanes,D,206.8,416.3,80,28,9.2,19.1,12,51,9,18,1,0,1,0.9,153.7,21.2,0,120.6,123.1,—,—,—,—,—,—,—,—,—,—
184,Pavel Zacha,Bruins,"C,LW",198.5,416.1,80,52,20.9,31,'-2.3,29,14,23,3,7,7,14,128.5,16.6,485.6,27.7,71.4,—,—,—,—,—,—,—,—,—,—
185,Filip Hronek,Canucks,D,170.5,415.8,76,48,7.4,40.9,'-17.9,40,6,29,1,1,12,13.2,124.9,27,0.3,104.8,125.4,—,—,—,—,—,—,—,—,—,—
186,Noah Hanifin,Knights,D,203.3,415.2,81,33,7,26.1,8.7,26,6,22,1,0,4,6,134.6,21.7,0,118.3,47.9,—,—,—,—,—,—,—,—,—,—
187,Shane Pinto,Senators,C,—,414.6,77,44,21.1,23.3,0.4,39,17,21,3,3,1,5.6,143.8,17.6,453,53.4,88.1,—,—,—,—,—,—,—,—,—,—
188,Anton Lundell,Panthers,C,—,412.9,76,43,18.5,24.7,8,37,16,20,3,2,4,5.5,149.3,16.6,575.4,41.7,85.3,—,—,—,—,—,—,—,—,—,—
189,Jacob Trouba,Sharks,D,185.1,408.5,80,24,6.2,18.2,1.3,48,6,17,1,0,1,1,131.2,21.7,0,175.8,157.7,—,—,—,—,—,—,—,—,—,—
190,Artturi Lehkonen,Avalanche,"LW,RW",198.6,408.1,70,46,21,24.8,8,27,18,22,3,2,3,5.2,135.8,18.6,6.8,34.3,67.9,—,—,—,—,—,—,—,—,—,—
191,Tyson Foerster,Flyers,"LW,RW",205.0,408.0,79,40,25.2,14.5,'-0.2,42,21,12,4,4,2,6.6,142.7,17,0.3,57.6,82.5,—,—,—,—,—,—,—,—,—,—
192,Jason Zucker,Sabres,LW,—,405.9,68,47,21.5,25.4,1,36,13,17,3,9,8,17.1,128.7,15.6,21.7,23.3,78.6,—,—,—,—,—,—,—,—,—,—
193,Darnell Nurse,Sharks,D,197.1,404.5,80,27,6.8,19.8,1.3,65,6,19,1,0,0,1.8,147.4,20.2,0,145.6,137.5,—,—,—,—,—,—,—,—,—,—
194,Esa Lindell,Stars,D,195.7,403.9,83,29,6.1,22.9,6.1,27,6,21,1,0,1,0.9,102.5,21.9,0,169.4,93.3,—,—,—,—,—,—,—,—,—,—
195,Colton Parayko,Blues,D,204.0,400.9,81,26,8.5,17.4,'-7.7,28,8,17,1,0,0,1,122.2,22.8,0,183.7,105.7,—,—,—,—,—,—,—,—,—,—
196,Ivan Provorov,Blue Jackets,D,196.5,400.3,84,31,7.6,23.3,'-1.9,37,7,19,1,1,3,4.3,119.8,23.3,0,148.9,63,—,—,—,—,—,—,—,—,—,—
197,Alexander Wennberg,Sharks,C,—,399.6,82,46,15.2,30.5,1,25,10,23,2,5,7,11.6,86.5,19.2,592.8,83.3,41.9,—,—,—,—,—,—,—,—,—,—
198,Egor Chinakhov,Penguins,"LW,RW",204.1,398.6,74,44,22.2,22.2,'-1.7,18,21,20,3,1,2,3.5,152.5,16.3,0.5,35.7,82.9,—,—,—,—,—,—,—,—,—,—
199,Cole Hutson,Capitals,D,90.0,397.8,74,38,11,27,4,53,10,23,2,1,4,5,132,18,0,87,83,—,—,—,—,—,—,—,—,—,—
200,Ben Kindel,Penguins,C,—,396.7,81,41,18.7,21.9,'-1.4,29,15,16,3,3,6,9.2,147,13.5,305.2,49,45.8,—,—,—,—,—,—,—,—,—,—
201,Mason Marchment,Sharks,LW,205.7,396.5,72,48,19.9,28.2,0.9,50,16,24,3,4,5,8.6,128.3,16.6,9.2,29.8,92.9,—,—,—,—,—,—,—,—,—,—
202,Tyler Bertuzzi,Blackhawks,"LW,RW",203.0,394.6,80,46,22.3,23.4,'-9.3,40,16,17,3,6,7,13.2,140.5,17.3,14.2,32.9,72.2,—,—,—,—,—,—,—,—,—,—
203,Thomas Chabot,Senators,D,183.7,393.8,68,34,8,25.9,0.4,29,6,20,1,1,6,7.2,119.3,22,0,119.6,48.7,—,—,—,—,—,—,—,—,—,—
204,Connor McMichael,Blues,"C,LW",—,392.9,79,47,18.3,29.1,'-4.9,37,15,24,3,3,4,7,135.6,16.5,262.8,40.5,49,—,—,—,—,—,—,—,—,—,—
205,Anthony Mantha,Devils,"LW,RW",202.5,392.4,76,45,21.3,23.6,0.9,38,14,19,3,7,4,11,120.2,14.3,13.7,38.2,67.4,—,—,—,—,—,—,—,—,—,—
206,Gustav Forsling,Panthers,D,—,390.6,82,31,6.5,24.2,12.4,40,6,23,1,0,1,1.9,138.1,22.7,0,101.9,76.8,—,—,—,—,—,—,—,—,—,—
207,Valeri Nichushkin,Blue Jackets,"LW,RW",206.0,389.7,62,46,20.1,25.7,'-1.1,22,17,23,3,3,3,5.5,143.3,19.5,2,28.5,68.9,—,—,—,—,—,—,—,—,—,—
208,Sean Monahan,Blue Jackets,C,—,387.8,73,47,16.9,30,'-1.1,22,13,22,3,3,7,9.8,125.4,16.9,654.2,36.1,52.1,—,—,—,—,—,—,—,—,—,—
209,Trevor Moore,Kings,"LW,RW",—,386.7,78,41,18.5,22.5,1.5,22,17,21,3,1,1,3.4,153.4,15.8,7.1,37.8,70.8,—,—,—,—,—,—,—,—,—,—
210,K'Andre Miller,Hurricanes,D,202.8,386.0,79,33,8.3,24.6,12.3,48,7,22,1,0,2,2,114.7,22.5,0,106,119.7,—,—,—,—,—,—,—,—,—,—
211,Sam Malinski,Avalanche,D,190.4,383.7,81,32,7.2,24.5,10.3,29,7,24,1,0,0,0.5,131.9,17.3,0,102.2,56.6,—,—,—,—,—,—,—,—,—,—
212,Mikael Backlund,Flames,C,—,383.2,83,40,18.3,21.8,'-10.8,29,16,18,3,1,2,4.9,176.5,18.4,730,39.1,52.8,—,—,—,—,—,—,—,—,—,—
213,Gavin McKenna,Maple Leafs,LW,93.6,383.0,75,45,13,32,2,49,11,28,2,2,4,6,150,17,0,26,65,—,—,—,—,—,—,—,—,—,—
214,Devon Toews,Avalanche,D,194.1,382.8,78,33,6.7,26.3,11.1,35,6,25,1,1,1,2.7,123.2,22.3,0,98.9,43.3,—,—,—,—,—,—,—,—,—,—
215,Owen Power,Sabres,D,205.0,381.6,81,35,7.8,27.6,1.9,27,8,26,1,0,1,1.5,119,22,0,110.5,39,—,—,—,—,—,—,—,—,—,—
216,Mackie Samoskevich,Kraken,RW,—,381.2,76,40,20.2,19.4,'-6.7,28,15,13,3,5,7,11.9,149,15.5,0.9,37.9,129.4,—,—,—,—,—,—,—,—,—,—
217,Neal Pionk,Jets,D,—,380.7,79,31,7.9,23,'-6.5,50,6,17,1,2,5,7.4,134.6,22.4,0,118.4,161.4,—,—,—,—,—,—,—,—,—,—
218,Brayden Schenn,Islanders,"C,LW",—,380.2,83,41,16.9,24.5,'-3.5,52,14,20,3,3,5,8.2,134.3,17.9,511.6,50.5,188.1,—,—,—,—,—,—,—,—,—,—
219,William Karlsson,Knights,C,—,380.1,70,40,17.9,21.6,4.9,19,14,19,3,2,2,4.5,131.1,15,473.2,49.5,32.1,—,—,—,—,—,—,—,—,—,—
220,Oliver Bjorkstrand,Rangers,RW,—,379.0,82,41,16.5,24,'-3.9,23,14,21,3,3,3,10.9,146.8,15.7,8.7,37.9,89.6,—,—,—,—,—,—,—,—,—,—
221,Frank Nazar,Blackhawks,C,—,378.5,72,45,20.1,25.3,'-7.5,32,17,19,3,3,6,9,124,17.1,347.4,42.1,47.1,—,—,—,—,—,—,—,—,—,—
222,Conor Garland,Blue Jackets,RW,—,378.4,80,40,16.2,24,'-1.1,38,13,17,3,3,7,10.1,142.9,15.6,5.9,38.6,52.2,—,—,—,—,—,—,—,—,—,—
223,Jake McCabe,Maple Leafs,D,—,378.2,78,28,4.9,23.1,2.1,52,5,22,1,0,0,0.1,78.9,22.2,0,181,136.9,—,—,—,—,—,—,—,—,—,—
224,Morgan Frost,Flames,C,—,377.3,74,42,17.5,24.8,'-8.3,28,13,14,3,5,11,15.3,125.3,16.3,486.5,46.3,64,—,—,—,—,—,—,—,—,—,—
225,Brent Burns,Avalanche,D,191.4,376.8,84,27,7.8,19.6,10,36,8,18,1,0,1,2.9,149.9,18.7,0,90.9,25.3,—,—,—,—,—,—,—,—,—,—
226,Tyler Seguin,Stars,"C,RW",—,373.6,65,47,19.4,27.3,3.9,20,16,25,3,3,2,7.1,115.9,16.9,300.6,21.7,57.5,—,—,—,—,—,—,—,—,—,—
227,Justin Faulk,Red Wings,D,201.9,372.7,79,31,8.1,22.8,'-5.5,42,7,16,1,1,6,7.6,124.3,20.6,0,116.8,90,—,—,—,—,—,—,—,—,—,—
228,Jake Walman,Oilers,D,201.6,372.2,65,26,9.1,17.1,6.9,32,8,16,1,0,1,1.4,119.4,20.2,0,125.1,41.2,—,—,—,—,—,—,—,—,—,—
229,Ryan Leonard,Capitals,RW,204.2,371.8,80,36,16,20.1,3.3,44,13,14,3,3,6,8.4,154,14.7,1.1,33.4,131.9,—,—,—,—,—,—,—,—,—,—
230,Kiefer Sherwood,Sharks,"LW,RW",205.9,370.9,74,38,18.4,19.4,1,41,16,16,3,2,3,5.2,152,17.3,10.2,33.7,364.5,—,—,—,—,—,—,—,—,—,—
231,Jake Neighbours,Blues,"LW,RW",204.0,369.6,78,44,19.1,24.8,'-4.9,43,16,17,3,4,8,11.1,108,16.1,9.5,46.2,160.2,—,—,—,—,—,—,—,—,—,—
232,Kris Letang,Penguins,D,204.0,369.1,79,33,6.3,26.5,'-2.2,49,6,21,1,1,5,7.4,122.5,21.9,0,104.6,108.1,—,—,—,—,—,—,—,—,—,—
233,Taylor Hall,Hurricanes,LW,—,368.4,77,39,16,23.2,8,38,14,20,2,2,3,7.4,126.8,15,21.8,34.7,55.6,—,—,—,—,—,—,—,—,—,—
234,Zach Benson,Sabres,LW,188.7,367.9,74,45,15.2,30.1,1.2,45,13,27,2,2,3,5.1,126,15.6,1.4,30.3,48,—,—,—,—,—,—,—,—,—,—
235,Joel Farabee,Flames,"LW,RW",—,364.5,83,40,19.4,20.2,'-10.4,33,18,17,3,1,3,3.6,143.2,16.3,20.6,52,74.3,—,—,—,—,—,—,—,—,—,—
236,Troy Terry,Ducks,RW,—,364.3,53,42,15.8,26.7,1.3,25,12,20,2,3,7,9.8,129.8,18.4,6.6,23.7,12.6,—,—,—,—,—,—,—,—,—,—
237,Jared Spurgeon,Wild,D,—,362.2,74,25,7.6,17.4,4.4,22,7,13,1,1,4,4.9,97.4,18.4,0,140.7,65.9,—,—,—,—,—,—,—,—,—,—
238,Martin Fehervary,Capitals,D,205.0,361.8,79,26,7.2,19.2,4.3,35,7,18,1,0,0,0,88.4,19.6,0,153.6,239.3,—,—,—,—,—,—,—,—,—,—
239,Chandler Stephenson,Kraken,C,—,360.1,81,48,14.1,33.5,'-7.5,25,10,22,2,3,11,14.3,84.8,19,714.5,51.6,38.4,—,—,—,—,—,—,—,—,—,—
240,Jamie Benn,Stars,"C,LW,RW",—,359.1,79,41,15.3,25.7,3.7,53,13,21,2,2,4,8.1,112.1,13.3,261.5,40,105,—,—,—,—,—,—,—,—,—,—
241,Bowen Byram,Blackhawks,D,112.0,358.0,81,39,9.4,30.1,'-12.2,47,9,27,1,0,3,3.1,94.3,22.5,0,114.5,88,—,—,—,—,—,—,—,—,—,—
242,Lawson Crouse,Utah,"LW,RW",204.7,353.8,82,34,18.5,15.4,1.3,39,17,14,3,1,0,3.5,133.6,16,21.3,51.4,194.3,—,—,—,—,—,—,—,—,—,—
243,Brayden McNabb,Knights,D,—,353.3,81,19,5.7,13.6,7.7,38,5,13,1,0,0,0,88.3,19.7,0,169.8,137.5,—,—,—,—,—,—,—,—,—,—
244,Braeden Bowman,Knights,"LW,RW",—,352.5,77,42,15.3,27.1,5.7,29,13,25,2,2,2,4.3,107,14.5,0.7,36,52.2,—,—,—,—,—,—,—,—,—,—
245,Brady Skjei,Predators,D,—,352.3,83,32,7.8,24,'-6.9,45,7,19,1,1,4,5,131.9,22.4,0,94.6,68.7,—,—,—,—,—,—,—,—,—,—
246,Marco Rossi,Canucks,C,—,351.5,71,46,16.2,29.4,'-11.1,28,13,19,3,4,10,13.8,102.7,17.6,376.8,38.9,61.2,—,—,—,—,—,—,—,—,—,—
247,Ivar Stenberg,Sharks,LW,183.0,351.3,70,38,14,24,1,8,12,21,2,2,3,5,137,14,0,36,49,—,—,—,—,—,—,—,—,—,—
248,Adam Larsson,Kraken,D,—,350.1,84,26,6.4,19.1,'-10.6,44,6,19,1,0,0,0.2,107.2,21.9,0.2,159.6,148.6,—,—,—,—,—,—,—,—,—,—
249,Jamie Drysdale,Flyers,D,—,349.9,78,32,7.7,23.9,'-0.3,32,6,17,1,2,7,8.3,94,21.6,0,107.5,33.6,—,—,—,—,—,—,—,—,—,—
250,Emmitt Finnie,Red Wings,"C,LW",—,349.7,75,40,19.3,20.5,'-4.3,21,16,16,2,3,5,7.9,117,16.1,84.9,39.4,116.8,—,—,—,—,—,—,—,—,—,—
251,Cole Sillinger,Blue Jackets,"C,RW",—,349.0,75,39,15.8,23.3,'-1.2,36,16,23,2,0,0,0.5,130,15.8,352.7,45.4,106.9,—,—,—,—,—,—,—,—,—,—
252,Ryan McDonagh,Lightning,D,—,347.7,76,29,5.7,23.7,6.2,25,5,23,1,0,0,0.3,80.2,19.9,0,133.5,76.9,—,—,—,—,—,—,—,—,—,—
253,Jaccob Slavin,Hurricanes,D,—,347.0,81,23,5.1,18,11.2,20,5,16,1,0,0,0.1,114.9,20.8,0,118.4,29,—,—,—,—,—,—,—,—,—,—
254,Andrew Peeke,Utah,D,—,346.7,81,21,5.8,14.9,1.6,29,6,14,1,0,0,0,83.9,18.1,0,173.6,149,—,—,—,—,—,—,—,—,—,—
255,Jiri Kulich,Sabres,C,—,345.7,73,34,17.9,16.1,1.3,28,16,15,3,2,1,3,130,16.5,270.3,48.3,70.4,—,—,—,—,—,—,—,—,—,—
256,Alexander Nikishin,Hurricanes,D,172.9,345.5,82,28,7,20.6,9.6,39,5,16,1,1,5,5.8,107.1,17.5,0,93.9,114.4,—,—,—,—,—,—,—,—,—,—
257,Oliver Ekman-Larsson,Maple Leafs,D,204.8,345.2,80,30,6.8,23.5,2,61,6,18,1,1,5,7.8,123.2,20.1,0,79.9,103.6,—,—,—,—,—,—,—,—,—,—
258,Ryan McLeod,Sabres,C,—,345.2,82,46,14.9,31,1.3,23,12,25,2,1,4,4.9,92.3,16.7,573.8,36.3,46.2,—,—,—,—,—,—,—,—,—,—
259,J.J. Moser,Lightning,D,205.8,345.0,82,28,6.3,22.1,8,49,6,21,1,0,0,2.1,94.8,22.3,0,113.3,74.2,—,—,—,—,—,—,—,—,—,—
260,Alex Iafallo,Jets,"LW,RW",—,345.0,82,31,14.4,16.9,'-5.7,22,12,14,2,2,2,5.8,132,18.2,10.7,72,107,—,—,—,—,—,—,—,—,—,—
261,Cam York,Flyers,D,—,344.3,76,25,5.3,19.5,'-0.2,36,5,15,1,0,4,4,86.6,22.4,0,149,51.8,—,—,—,—,—,—,—,—,—,—
262,Igor Chernyshov,Sharks,"LW,RW",—,343.0,71,42,15.5,26.3,0.8,28,14,23,2,2,3,4.8,112,14.5,0,32.8,63,—,—,—,—,—,—,—,—,—,—
263,Simon Edvinsson,Red Wings,D,206.5,342.4,78,27,6.7,20.3,'-6.5,61,7,20,1,0,0,0.3,89,22.5,0,153.3,106.6,—,—,—,—,—,—,—,—,—,—
264,Boone Jenner,Capitals,"C,LW",—,342.3,65,34,13.8,20.1,2.6,34,12,19,2,1,1,3.2,117,14.9,355.9,62.2,110.1,—,—,—,—,—,—,—,—,—,—
265,Matt Roy,Capitals,D,—,341.1,80,24,4.2,19.6,4.5,29,4,19,1,0,0,0.7,92.4,20.1,0,143.9,121.4,—,—,—,—,—,—,—,—,—,—
266,Ridly Greig,Senators,"C,LW,RW",—,338.0,78,37,16.2,21.1,0.4,58,15,20,2,1,2,2.4,114,16.4,241.8,48.2,140.3,—,—,—,—,—,—,—,—,—,—
267,Aaron Ekblad,Panthers,D,204.0,337.7,67,27,6.3,20.7,8.9,52,5,15,1,1,5,7.5,108.6,22.1,0,86.6,89.7,—,—,—,—,—,—,—,—,—,—
268,Matthew Wood,Predators,"C,RW",—,336.0,78,36,14.7,21.3,'-4.7,27,11,18,2,4,3,6.6,137,15.1,24.4,35.5,69.4,—,—,—,—,—,—,—,—,—,—
269,Vladislav Gavrikov,Rangers,D,205.3,335.4,81,29,8.3,20.9,'-6,42,8,19,1,0,1,1.3,104.9,22.7,0,117,67.7,—,—,—,—,—,—,—,—,—,—
270,Christian Dvorak,Flyers,C,—,334.2,72,36,14.6,21.6,'-0.2,24,12,19,2,2,2,4.2,108.7,17.8,517.3,54.4,47.4,—,—,—,—,—,—,—,—,—,—
271,Dmitry Orlov,Sharks,D,—,333.5,78,33,6.1,26.9,1.2,41,5,16,1,1,10,10.9,101,21.1,0,74.2,114,—,—,—,—,—,—,—,—,—,—
272,Josh Norris,Sabres,C,—,332.3,55,38,17.9,20,0.9,32,14,13,3,4,7,11.1,93.5,17.1,371,36.8,97.1,—,—,—,—,—,—,—,—,—,—
273,Gabriel Landeskog,Avalanche,"LW,RW",201.2,332.0,63,33,14.6,18.8,6.6,36,12,16,2,2,3,4.8,125.1,16.3,77.4,33.8,87.5,—,—,—,—,—,—,—,—,—,—
274,Teuvo Teravainen,Blackhawks,"LW,RW",—,331.8,76,42,14.6,27.5,'-7.1,18,9,17,2,5,10,14.2,95.4,17,70.3,34.1,30.4,—,—,—,—,—,—,—,—,—,—
275,Zack Bolduc,Canadiens,"LW,RW",—,331.2,77,35,15.5,19.7,2.4,32,12,17,2,4,3,7.1,111,13.6,3.3,40.5,121.9,—,—,—,—,—,—,—,—,—,—
276,Jordan Staal,Hurricanes,C,—,329.0,80,33,14.8,18.6,7.9,30,13,17,2,1,1,1.5,112.3,15.5,801.4,45.9,158,—,—,—,—,—,—,—,—,—,—
277,Hampus Lindholm,Bruins,D,—,329.0,75,27,6.4,20.7,'-3.1,54,6,18,1,1,3,4.5,114.5,21.7,0,101.9,53.5,—,—,—,—,—,—,—,—,—,—
278,Logan Mailloux,Blues,D,—,328.1,78,34,7.4,26.1,'-6.5,48,7,25,1,0,1,1.4,112,19,0,88.7,100.8,—,—,—,—,—,—,—,—,—,—
279,Yegor Sharangovich,Flames,"C,LW,RW",—,328.1,77,36,18.6,17.1,'-9.3,19,14,14,3,4,3,6.6,132.3,16.5,100.4,34.4,27.1,—,—,—,—,—,—,—,—,—,—
280,Michael Misa,Sharks,C,205.2,327.4,72,37,14.6,22.1,0.8,27,12,19,2,2,3,5.4,112,14.4,270,38.2,51.9,—,—,—,—,—,—,—,—,—,—
281,Damon Severson,Blue Jackets,D,—,326.8,76,30,6.6,23.3,'-1.7,49,6,21,1,0,2,2.8,95.8,21.5,0,105.6,51,—,—,—,—,—,—,—,—,—,—
282,Jordan Spence,Senators,D,—,326.0,76,34,6.2,27.5,0.5,27,6,25,1,0,3,4.2,101.2,19.7,0,78.3,76.6,—,—,—,—,—,—,—,—,—,—
283,Kent Johnson,Blue Jackets,"LW,RW",—,325.5,76,38,16.8,21.5,'-1,25,15,18,2,2,3,5.5,107,13.7,24.1,33.4,22.8,—,—,—,—,—,—,—,—,—,—
284,Shane Wright,Kraken,"C,RW",—,325.2,78,36,16.1,19.9,'-6.5,21,14,15,2,2,5,6.9,100,14.2,303.6,58.2,54.4,—,—,—,—,—,—,—,—,—,—
285,Josh Manson,Avalanche,D,—,324.7,76,27,4.8,22.5,9,66,5,22,1,0,0,0.3,103.1,17.5,0,94.5,158,—,—,—,—,—,—,—,—,—,—
286,Mavrik Bourque,Predators,"C,RW",—,324.3,79,35,17.2,18.2,'-5.1,24,16,15,3,1,3,4.2,134.5,15.7,157.3,29,82.3,—,—,—,—,—,—,—,—,—,—
287,Ryan Poehling,Ducks,C,—,324.1,73,34,11.9,22.1,1.6,20,10,21,2,0,0,1,86.1,15,442.6,81.6,49.7,—,—,—,—,—,—,—,—,—,—
288,Drew Doughty,Kings,D,—,323.6,74,26,6.4,19.9,2.2,44,6,15,1,1,4,6.3,99.8,23.8,0,98.8,66.2,—,—,—,—,—,—,—,—,—,—
289,Arseny Gritsyuk,Devils,"LW,RW",—,323.6,68,36,16,19.6,1,29,15,17,2,1,2,3.5,130.5,14.6,0.8,22.7,64.3,—,—,—,—,—,—,—,—,—,—
290,Alex Killorn,Ducks,"LW,RW",—,323.3,82,32,15.5,16.7,1.9,41,13,14,2,2,2,4.3,135,16.9,18.1,29.6,78.6,—,—,—,—,—,—,—,—,—,—
291,Ryan Pulock,Islanders,D,—,322.0,74,22,4,17.7,'-3.4,25,4,17,1,0,0,2.6,103.3,19,0,135.8,110.6,—,—,—,—,—,—,—,—,—,—
292,Cam Fowler,Blues,D,—,321.2,82,33,5.7,27.7,'-6.9,27,5,19,1,1,8,9.1,89.6,21.2,0,91.2,24.2,—,—,—,—,—,—,—,—,—,—
293,Tyler Myers,Stars,D,—,321.1,77,19,4.4,14.6,4.9,58,4,14,1,0,0,0.3,97.1,17.9,0,138.5,108.3,—,—,—,—,—,—,—,—,—,—
294,Marco Kasper,Red Wings,"C,LW",—,320.1,81,33,18.3,14.2,'-3.9,33,17,13,2,2,1,2.5,124,13.2,264.5,44.7,149.5,—,—,—,—,—,—,—,—,—,—
295,Ross Colton,Predators,"C,LW",—,319.6,80,32,14.6,17.7,'-4.3,29,14,17,2,1,1,2.6,141.7,12.8,127.1,37.1,155,—,—,—,—,—,—,—,—,—,—
296,Sean Couturier,Flyers,C,—,319.5,79,34,11.7,22.8,'-0.2,36,11,21,2,1,1,3.1,128,14.3,644.2,37.1,71.1,—,—,—,—,—,—,—,—,—,—
297,Konsta Helenius,Sabres,C,206.4,318.6,74,34,14,20,1,14,12,18,2,2,2,4,114,13,114,42,64,—,—,—,—,—,—,—,—,—,—
298,Vasily Podkolzin,Oilers,"LW,RW",—,317.9,81,31,13.7,17.6,6.7,42,13,17,2,0,1,1.1,116.5,14.7,10.9,44.9,232.5,—,—,—,—,—,—,—,—,—,—
299,Evan Rodrigues,Devils,"C,LW,RW",—,316.7,80,31,13.9,16.8,1.1,42,12,15,2,1,2,4.3,143.4,14.5,267.3,26.2,87.7,—,—,—,—,—,—,—,—,—,—
300,Tony DeAngelo,Islanders,D,—,315.6,72,27,6.3,21,'-3.6,35,6,17,1,1,4,5.8,128.3,20.1,0,73.9,35.1,—,—,—,—,—,—,—,—,—,—
301,Easton Cowan,Maple Leafs,LW,—,315.5,74,36,14.3,21.6,1.4,37,13,18,2,2,4,5.3,105,14.5,0.4,35.4,81.5,—,—,—,—,—,—,—,—,—,—
302,Jordan Martinook,Hurricanes,"LW,RW",—,314.8,82,32,13.6,18.4,7.9,34,13,18,2,0,0,0,107.6,14.3,44.9,47,96.2,—,—,—,—,—,—,—,—,—,—
303,Pius Suter,Blues,"C,LW",—,314.7,76,36,17,18.6,'-4.8,26,15,15,3,1,3,3.8,119.1,16.3,313.6,33.1,59,—,—,—,—,—,—,—,—,—,—
304,Ilya Protas,Capitals,LW,—,314.6,75,39,13,26,3,35,11,23,3,2,3,5,94,14,0,32,43,—,—,—,—,—,—,—,—,—,—
305,Fabian Zetterlund,Senators,"LW,RW",—,314.2,81,31,14.7,16.4,0.3,24,12,14,2,2,2,4.5,120.8,12.7,6.1,42.1,120.7,—,—,—,—,—,—,—,—,—,—
306,Tommy Novak,Penguins,"C,LW",—,314.0,77,35,14.6,20.2,'-1.5,22,13,18,2,2,2,4.4,116.9,14.1,195,34.6,20.7,—,—,—,—,—,—,—,—,—,—
307,Andrew Copp,Red Wings,"C,LW",—,313.0,80,34,11.9,22.2,'-4.3,28,10,18,2,1,4,5.7,103.4,16.3,500,56.9,41.5,—,—,—,—,—,—,—,—,—,—
308,Sam Rinzel,Blackhawks,D,205.7,312.6,79,29,6.8,21.7,'-9.7,46,6,16,1,1,6,6.9,125,18.3,0,78.1,75.6,—,—,—,—,—,—,—,—,—,—
309,Pavel Mintyukov,Ducks,D,—,312.2,71,25,6.7,18.7,2,26,7,16,1,0,2,2.4,87,20.7,0,110.1,71.9,—,—,—,—,—,—,—,—,—,—
310,Sean Durzi,Rangers,D,—,311.9,70,27,6,20.9,'-4.6,46,5,17,1,1,4,7,88.4,19.3,0,107.9,44.6,—,—,—,—,—,—,—,—,—,—
311,Charle-Edouard D'Astous,Lightning,D,—,311.6,74,31,5.3,25.4,6.6,68,5,23,1,0,2,2.8,82.1,19.2,0,85.5,94.9,—,—,—,—,—,—,—,—,—,—
312,Nikita Zadorov,Bruins,D,—,311.5,81,27,7.1,19.9,'-3.6,102,7,19,1,0,0,0.3,101,21.2,0,105,201.7,—,—,—,—,—,—,—,—,—,—
313,Noah Cates,Flyers,C,—,311.3,77,34,13.6,20.3,'-0.1,28,11,16,2,2,4,6.1,96.4,14.2,354.9,49.7,80.3,—,—,—,—,—,—,—,—,—,—
314,Brett Kulak,Avalanche,D,—,309.9,84,18,4.7,13.8,11.3,37,5,14,1,0,0,0.3,101.7,19.2,0,111.8,40.5,—,—,—,—,—,—,—,—,—,—
315,Erik Haula,Kings,"C,LW",—,308.6,79,30,13.9,16.1,1.3,50,11,11,2,2,4,6.6,113.3,15.1,409.3,43,103.7,—,—,—,—,—,—,—,—,—,—
316,Simon Nemec,Flames,D,198.3,307.1,73,25,7.5,17.6,'-12,36,7,12,1,1,5,6.3,101,20.5,0,112.2,28.4,—,—,—,—,—,—,—,—,—,—
317,James Hagens,Bruins,C,198.7,306.8,74,35,15,20,'-3,44,13,17,2,2,3,5,122,16,14,23,65,—,—,—,—,—,—,—,—,—,—
318,Braden Schneider,Rangers,D,—,306.7,83,21,4.7,16.6,'-5.2,31,4,16,1,0,0,0.2,90.7,18.2,0,140.5,161.3,—,—,—,—,—,—,—,—,—,—
319,Jack Roslovic,Maple Leafs,"C,RW",203.4,306.5,75,33,16.3,16.9,1.3,22,15,15,3,2,2,3.8,117.5,13.4,154.5,25.1,37.5,—,—,—,—,—,—,—,—,—,—
320,Eetu Luostarinen,Panthers,LW,—,306.4,81,30,11.6,18.6,8.3,34,11,17,2,0,0,1,96.8,15.5,104.7,56.7,139.4,—,—,—,—,—,—,—,—,—,—
321,Connor Zary,Flames,"C,LW,RW",—,306.3,73,35,16.5,18.2,'-9.3,27,14,13,3,2,5,7.3,121.4,16.2,106.3,29.2,50.7,—,—,—,—,—,—,—,—,—,—
322,Gabe Perreault,Rangers,RW,206.4,305.7,75,34,15,19.3,'-4.7,27,13,16,2,2,3,4.9,115,17.6,1.2,34.6,59,—,—,—,—,—,—,—,—,—,—
323,Liam Ohgren,Canucks,LW,—,305.3,76,32,16.4,15.6,'-11.6,17,15,14,2,1,1,2.7,131,16.3,1.7,44.4,92.7,—,—,—,—,—,—,—,—,—,—
324,Mattias Samuelsson,Sabres,D,135.1,304.6,66,23,6,16.7,1.6,29,6,16,1,0,0,0.1,78.3,22.7,0,127.9,125.9,—,—,—,—,—,—,—,—,—,—
325,Artem Zub,Senators,D,—,304.6,74,25,4.9,19.9,0.4,47,5,19,1,0,0,0.3,78.4,20.5,0,123.6,117.6,—,—,—,—,—,—,—,—,—,—
326,Jean-Gabriel Pageau,Islanders,C,—,303.6,78,34,14.4,19.6,'-2.7,18,13,17,2,0,0,3.1,89.1,15.1,650.3,57.8,150.7,—,—,—,—,—,—,—,—,—,—
327,Philip Broberg,Blues,D,146.1,303.4,72,31,4.9,25.7,'-6.3,23,5,20,1,0,6,6.1,81.8,21.4,0,98,42.6,—,—,—,—,—,—,—,—,—,—
328,Stephen Halliday,Senators,"C,LW",—,302.1,76,33,13.5,19.9,0.3,28,12,14,2,2,6,8,106,12,147.9,29.5,83.8,—,—,—,—,—,—,—,—,—,—
329,Mario Ferraro,Jets,D,—,301.8,79,20,5.5,15,'-5.7,42,5,14,1,0,0,0.3,80.9,19.5,0,146.8,146.1,—,—,—,—,—,—,—,—,—,—
330,Simon Holmstrom,Islanders,"LW,RW",—,301.6,78,36,15.2,20.6,'-2.8,21,14,17,3,1,2,3.3,88,15.9,3.1,47.8,29.9,—,—,—,—,—,—,—,—,—,—
331,Mikey Anderson,Kings,D,—,301.4,79,23,4.8,18.1,2.1,31,5,18,1,0,0,0,74.2,21.1,0,129.2,114.5,—,—,—,—,—,—,—,—,—,—
332,Brett Pesce,Devils,D,—,300.8,75,17,4.2,12.4,1.4,28,4,12,1,0,0,0.2,90.1,20.2,0,141.7,29.8,—,—,—,—,—,—,—,—,—,—
333,Alexandre Carrier,Canadiens,D,—,299.1,77,21,4.5,16.3,2.9,41,4,16,1,0,0,0.5,66.2,17.6,0,140.5,57.6,—,—,—,—,—,—,—,—,—,—
334,Dmitri Voronkov,Blue Jackets,LW,—,298.8,72,32,15.7,16.7,'-0.8,49,10,14,2,5,2,7.8,102.5,12.2,38,31.5,80.2,—,—,—,—,—,—,—,—,—,—
335,Adam Lowry,Jets,C,—,298.2,79,33,12.8,20,'-5.2,34,12,19,2,0,0,1.3,96.8,16.8,607.6,62.1,184.8,—,—,—,—,—,—,—,—,—,—
336,Alex Bump,Flyers,LW,—,298.2,74,31,16,15,0,19,15,14,3,1,1,2,118,12,0,32,64,—,—,—,—,—,—,—,—,—,—
337,Alex Newhook,Canadiens,"C,LW",—,297.8,74,33,14.7,17.8,2.3,26,13,16,2,1,1,3,109.1,13.8,242.1,29.6,75.6,—,—,—,—,—,—,—,—,—,—
338,Jaden Schwartz,Avalanche,"C,LW",—,296.8,68,30,13.5,16.6,6.2,23,11,15,2,2,1,5.1,99.4,14.1,42.1,37.3,41,—,—,—,—,—,—,—,—,—,—
339,Jonas Brodin,Wild,D,—,296.5,66,21,4.8,16.1,4.5,26,5,15,1,0,0,0.3,79.7,19.8,0,122,28.6,—,—,—,—,—,—,—,—,—,—
340,Zeev Buium,Canucks,D,204.2,296.4,77,34,6.6,27.7,'-16,39,5,18,1,2,10,11.5,88,21.8,0,75.8,44.8,—,—,—,—,—,—,—,—,—,—
341,Matt Savoie,Oilers,"C,RW",206.5,295.8,78,31,12.4,18.7,6.2,26,11,18,2,1,1,1.8,111,14.7,73.4,30.7,42.9,—,—,—,—,—,—,—,—,—,—
342,Nick Paul,Maple Leafs,"C,LW",—,293.9,81,30,14.7,15.1,1.3,34,13,13,2,1,2,2.8,107.3,13.2,402.5,40.5,93.2,—,—,—,—,—,—,—,—,—,—
343,Scott Laughton,Kings,"C,LW",—,293.7,79,27,13.8,13.6,1.4,40,12,12,2,0,0,0.6,114.2,14.4,421.6,49.7,146,—,—,—,—,—,—,—,—,—,—
344,Connor Murphy,Oilers,D,—,293.2,73,16,4.4,12,6.5,53,4,11,1,0,0,0,70.7,17.4,0,142.2,138.1,—,—,—,—,—,—,—,—,—,—
345,Adam Pelech,Islanders,D,—,291.8,72,22,4.1,17.6,'-3.7,42,4,17,1,0,0,0.1,101.6,21,0,112.6,72.1,—,—,—,—,—,—,—,—,—,—
346,Rasmus Ristolainen,Flyers,D,—,291.6,69,21,4.2,16.8,'-0.2,26,4,14,1,0,2,2.4,97.2,21.5,0,107.3,144.3,—,—,—,—,—,—,—,—,—,—
347,Drew O'Connor,Canucks,"LW,RW",—,291.5,84,31,15.7,15.5,'-11.7,39,14,14,2,0,0,0.7,127.4,14.9,25.5,42.6,79.7,—,—,—,—,—,—,—,—,—,—
348,Niko Mikkola,Panthers,D,—,290.7,79,20,5.5,14.1,11.1,57,5,14,1,0,0,0,88,20.5,0,99.9,141.5,—,—,—,—,—,—,—,—,—,—
349,Jalen Chatfield,Hurricanes,D,—,290.5,77,23,6.7,16,10.7,35,7,16,1,0,0,0,101.2,19.6,0,73.8,72.8,—,—,—,—,—,—,—,—,—,—
350,Linus Karlsson,Canucks,RW,—,289.1,76,31,13.9,17.6,'-11.5,32,11,15,2,2,2,4.5,124.4,15.8,56.3,37.3,104.4,—,—,—,—,—,—,—,—,—,—
351,John Marino,Utah,D,205.7,289.0,77,30,3.6,26.8,1.8,26,4,26,1,0,0,2.1,73.6,21.1,0,86.2,57.1,—,—,—,—,—,—,—,—,—,—
352,Denton Mateychuk,Blue Jackets,D,—,288.7,75,26,7.1,19,'-1.4,24,7,18,1,0,1,1.1,83,18.4,0,96,39.2,—,—,—,—,—,—,—,—,—,—
353,Alexander Romanov,Islanders,D,—,288.3,77,15,4.6,10,'-3.5,31,5,10,1,0,0,0.5,85.8,18.8,0,149.5,186.7,—,—,—,—,—,—,—,—,—,—
354,Dalibor Dvorsky,Blues,C,—,288.3,76,29,17.9,10.8,'-4.5,32,9,8,3,9,3,11.9,111,14.8,175.8,23,64.1,—,—,—,—,—,—,—,—,—,—
355,Kaiden Guhle,Canadiens,D,—,288.1,64,20,4.9,15.5,2.9,50,5,15,1,0,0,0,72.8,19.7,0,125.4,117.2,—,—,—,—,—,—,—,—,—,—
356,Ryan Strome,Flames,C,—,287.9,81,36,12.4,24,'-10.2,55,11,21,2,1,3,3.9,110.5,15.9,353.5,30.6,55.3,—,—,—,—,—,—,—,—,—,—
357,Barrett Hayton,Utah,C,—,286.7,75,30,13.6,15.9,1,44,10,13,2,4,2,6.2,107.5,13.4,458.9,30.3,37,—,—,—,—,—,—,—,—,—,—
358,Victor Olofsson,Knights,"LW,RW",—,286.0,72,28,12.8,14.9,4.5,18,9,11,2,4,3,7,116.6,13.3,1.2,21.7,33.2,—,—,—,—,—,—,—,—,—,—
359,Isaac Howard,Oilers,LW,—,286.0,78,28,14.5,13.8,5.7,33,14,13,2,0,1,0.9,115,12.9,0,27.1,58.8,—,—,—,—,—,—,—,—,—,—
360,Frank Vatrano,Ducks,"LW,RW",—,285.8,79,25,13.8,10.9,1.4,62,12,10,2,1,1,2,123.5,11.3,7.4,41.4,108.1,—,—,—,—,—,—,—,—,—,—
361,Zayne Parekh,Flames,D,202.2,285.3,73,23,8.2,15.1,'-9.7,34,7,9,1,1,6,7.8,113,18.6,0,77.8,55.1,—,—,—,—,—,—,—,—,—,—
362,Casey Mittelstadt,Bruins,"C,LW",—,284.7,75,37,12.7,24.8,'-2.3,25,11,20,2,2,4,7.5,82,14.8,281.7,25.1,30.5,—,—,—,—,—,—,—,—,—,—
363,Yan Kuznetsov,Flames,D,—,284.7,75,17,7.2,9.9,'-12,37,7,10,1,0,0,0.1,115,19.9,0,122.2,75.1,—,—,—,—,—,—,—,—,—,—
364,Alex Vlasic,Blackhawks,D,—,284.4,82,22,3.8,18.5,'-11.9,27,4,18,1,0,0,0.3,84,21.5,0,135.2,47,—,—,—,—,—,—,—,—,—,—
365,Radko Gudas,Panthers,D,—,284.1,72,16,3.3,13,8,67,3,13,1,0,0,0,83.6,16.3,0,121.1,283.8,—,—,—,—,—,—,—,—,—,—
366,Michael Amadio,Senators,"LW,RW",—,283.5,75,31,13.4,17.2,0.4,24,13,17,2,0,0,2,93.2,15.7,65.9,45.6,97.1,—,—,—,—,—,—,—,—,—,—
367,Mason Lohrei,Bruins,D,—,282.3,75,26,5.2,20.4,'-2.7,28,4,15,1,1,5,6.2,74.7,17,0,95.3,36.6,—,—,—,—,—,—,—,—,—,—
368,Ben Chiarot,Red Wings,D,—,282.2,80,15,4.7,9.9,'-5.6,60,5,10,1,0,0,0.6,91.1,19.6,0,142.4,139.1,—,—,—,—,—,—,—,—,—,—
369,Kirby Dach,Canadiens,"C,RW",—,280.8,57,30,9.8,20.4,1.8,36,9,18,2,1,3,6.1,93.3,13.8,139.5,40.6,79.3,—,—,—,—,—,—,—,—,—,—
370,Calum Ritchie,Islanders,"C,RW",—,280.3,70,30,14.5,15.7,'-2.3,28,13,12,2,2,4,5.9,101,14.1,125.3,32.4,51.8,—,—,—,—,—,—,—,—,—,—
371,Matias Maccelli,Islanders,"LW,RW",—,279.7,70,36,13.1,22.8,'-2.5,19,12,18,2,2,5,6.2,94,14.6,4.1,17.9,26.5,—,—,—,—,—,—,—,—,—,—
372,Denver Barkey,Flyers,LW,—,279.2,72,34,10.9,23.4,'-0.1,30,9,19,2,2,4,6.3,84,13.6,82.9,32.2,75,—,—,—,—,—,—,—,—,—,—
373,Nick Seeler,Flyers,D,—,279.2,78,13,3.7,9.3,'-0.2,42,4,9,1,0,0,0,78.4,15.4,0,149.6,107.4,—,—,—,—,—,—,—,—,—,—
374,Nicholas Robertson,Penguins,RW,—,279.0,75,28,15.2,13.2,'-1.3,20,14,12,2,1,1,2.4,110.6,12,2,33.3,70.5,—,—,—,—,—,—,—,—,—,—
375,Filip Chytil,Canucks,C,—,278.5,66,30,16.4,13.4,'-9.7,28,15,11,3,2,2,3.5,127.4,15.2,291.7,24.2,39.6,—,—,—,—,—,—,—,—,—,—
376,Ryan Donato,Blackhawks,"C,LW,RW",—,278.4,76,32,15.3,16.5,'-7.6,37,15,16,2,0,1,2.4,123.9,13,177.6,19.5,85.7,—,—,—,—,—,—,—,—,—,—
377,Max Shabanov,Wild,RW,—,277.7,70,32,11.4,20.2,3.5,23,10,15,2,1,5,6,89,14.1,0,29.4,60.3,—,—,—,—,—,—,—,—,—,—
378,Andrei Kuzmenko,Penguins,"LW,RW",—,277.5,75,32,13.4,18.6,'-1.3,24,8,13,2,5,6,11.4,89.4,14.2,0.4,22,30.3,—,—,—,—,—,—,—,—,—,—
379,Marcus Pettersson,Rangers,D,—,277.0,78,23,3.7,19.2,'-5.2,50,4,19,1,0,0,0,69.1,20.1,0,126.2,86.2,—,—,—,—,—,—,—,—,—,—
380,Olen Zellweger,Sabres,D,—,276.5,74,21,6.6,14.4,1.4,34,6,13,1,0,1,1.7,104,16,0,79.5,37,—,—,—,—,—,—,—,—,—,—
381,Jake Middleton,Flames,D,—,276.3,77,19,4.6,14.1,'-10.3,55,5,14,1,0,0,0.5,76.4,17.4,0,143.1,119.5,—,—,—,—,—,—,—,—,—,—
382,Collin Graf,Sharks,"LW,RW",—,276.0,77,30,13.1,16.6,0.9,21,13,16,2,0,1,1.2,92,15.4,1.2,44,69.4,—,—,—,—,—,—,—,—,—,—
383,Corey Perry,Kings,RW,—,275.7,81,29,14,14.6,1.2,57,13,13,2,1,1,7.2,102,12.4,5.5,24.7,44.9,—,—,—,—,—,—,—,—,—,—
384,Chris Tanev,Maple Leafs,D,—,275.6,73,17,2.6,14.4,1.7,28,3,14,0,0,0,0.5,69.1,18.6,0,135.8,40.2,—,—,—,—,—,—,—,—,—,—
385,Jack McBain,Utah,"C,LW",—,274.8,78,29,12.4,17,1.1,59,12,16,2,0,0,1.5,85.5,13.1,305.2,50.2,295.6,—,—,—,—,—,—,—,—,—,—
386,Bobby Brink,Wild,RW,—,274.7,70,31,12.6,18.1,3.3,25,10,16,2,2,3,4.9,87.6,13.8,5.5,31.5,71.9,—,—,—,—,—,—,—,—,—,—
387,Ian Cole,Blackhawks,D,—,274.3,81,18,2.9,15.1,'-9.4,56,3,15,0,0,0,0,64.2,18,0,157.5,79.9,—,—,—,—,—,—,—,—,—,—
388,Danila Yurov,Wild,"C,RW",—,274.2,75,29,12.3,16.9,4,32,12,16,2,1,1,1.4,88,14.1,195.6,42.8,73.2,—,—,—,—,—,—,—,—,—,—
389,Yanni Gourde,Lightning,C,—,273.3,81,29,9.9,18.8,5.1,52,9,18,2,0,0,0.9,99,14.9,408.3,37.6,118.9,—,—,—,—,—,—,—,—,—,—
390,Connor Brown,Devils,RW,—,273.1,75,28,11.7,16,1,20,9,13,2,2,2,4,105.5,15.4,14.1,34,32.9,—,—,—,—,—,—,—,—,—,—
391,Nino Niederreiter,Jets,"LW,RW",—,272.7,75,27,12.7,14.5,'-4.2,30,10,10,2,2,5,7.1,112.9,14.3,14.4,31.1,103,—,—,—,—,—,—,—,—,—,—
392,Parker Kelly,Avalanche,"C,LW",—,272.2,83,24,12.5,11.6,6.3,34,11,11,2,0,0,0,89.1,11.9,137.4,58,170.4,—,—,—,—,—,—,—,—,—,—
393,Tom Willander,Canucks,D,—,271.3,79,26,5.3,20.3,'-15,36,5,17,1,0,3,3.5,85,19.9,0,104.8,55.8,—,—,—,—,—,—,—,—,—,—
394,Justin Hryckowian,Stars,"C,LW",—,270.5,82,32,9.3,22.7,4.6,38,9,22,2,0,1,1.3,88.5,14.4,165.8,32.5,149,—,—,—,—,—,—,—,—,—,—
395,Joel Edmundson,Kings,D,—,269.1,79,19,4,14.9,1.8,32,4,15,1,0,0,0.2,84.9,18.3,0,105.1,97.7,—,—,—,—,—,—,—,—,—,—
396,Kaapo Kakko,Kraken,RW,—,268.4,74,37,11.5,25,'-6.1,28,10,21,2,2,4,5.6,88.8,14,11.3,20.5,46.7,—,—,—,—,—,—,—,—,—,—
397,Jake Evans,Canadiens,C,—,268.1,78,29,11.4,17.3,2.4,27,10,16,2,0,0,0.3,78.4,15.2,536.9,54.5,100.2,—,—,—,—,—,—,—,—,—,—
398,Phillip Danault,Canadiens,C,—,268.0,81,29,9.3,19.5,2.4,31,9,18,1,0,0,0.8,91.4,14,591.7,45.5,66.8,—,—,—,—,—,—,—,—,—,—
399,Dylan Samberg,Jets,D,—,267.4,68,18,4,14.2,'-5.5,27,4,14,1,0,0,0.3,85.8,20.7,0,119.8,74.3,—,—,—,—,—,—,—,—,—,—
400,Artyom Levshunov,Blackhawks,D,—,266.4,68,27,4.4,22.4,'-8.4,41,3,13,1,1,9,10.2,82,18.2,0,73,76.1,—,—,—,—,—,—,—,—,—,—
401,J.T. Compher,Red Wings,C,—,265.7,79,29,11,18.2,'-4.2,30,10,17,2,1,1,3.5,85,15.2,433.6,51.8,34.1,—,—,—,—,—,—,—,—,—,—
402,Axel Sandin-Pellikka,Red Wings,D,—,265.3,75,26,6.1,19.4,'-4.3,32,5,13,1,1,7,7.7,83,16.6,0,69.6,32.9,—,—,—,—,—,—,—,—,—,—
403,Fraser Minten,Bruins,C,—,264.9,77,27,13.1,13.7,'-2.5,25,12,12,2,1,2,2.8,100,15.2,341.1,40.9,135.6,—,—,—,—,—,—,—,—,—,—
404,Peyton Krebs,Sabres,"C,LW",—,263.9,81,32,9.9,22.3,1.3,52,10,22,2,0,0,0.5,84,14.1,309.5,36.1,157.8,—,—,—,—,—,—,—,—,—,—
405,Louis Crevier,Sabres,D,—,263.9,77,17,5.1,12.3,1.4,48,5,12,1,0,0,0.3,81.5,16.6,0,107.3,116.5,—,—,—,—,—,—,—,—,—,—
406,Mathieu Olivier,Blue Jackets,RW,—,262.1,67,26,13.2,12.4,'-1.1,70,13,12,2,0,0,0.5,91.7,14.6,4.1,52,221,—,—,—,—,—,—,—,—,—,—
407,Michael Kesselring,Sharks,D,—,261.6,70,17,4.4,13.1,1,63,4,13,1,0,0,0.6,107.6,17.5,0,82.8,77.5,—,—,—,—,—,—,—,—,—,—
408,Tyler Kleven,Senators,D,—,260.4,76,17,4.3,13.2,0.4,41,4,13,1,0,0,0.4,85.2,17.3,0,103.5,114.3,—,—,—,—,—,—,—,—,—,—
409,Ian Moore,Ducks,D,—,259.3,71,21,5,16,2,34,5,16,1,0,0,0.4,89.9,17.2,0,79.6,51.1,—,—,—,—,—,—,—,—,—,—
410,Tristan Luneau,Ducks,D,—,258.8,73,21,5,16,2,27,5,16,1,0,0,0,92,17,0,78,77,—,—,—,—,—,—,—,—,—,—
411,Olli Maatta,Wild,D,—,258.4,75,22,3.3,18.3,4.4,22,3,18,1,0,0,0,63.5,16.3,0,99.4,45.4,—,—,—,—,—,—,—,—,—,—
412,Cody Ceci,Kings,D,—,257.4,83,16,3.1,13,1.8,28,3,12,0,0,0,0,73.2,17.6,0,117.3,78,—,—,—,—,—,—,—,—,—,—
413,Brett Howden,Knights,"C,LW",—,256.2,69,25,13.5,11.6,5.1,39,13,11,2,1,1,1.3,83.1,14.7,259,41.2,104.7,—,—,—,—,—,—,—,—,—,—
414,Alexandre Texier,Canadiens,"LW,RW",—,256.0,70,27,12.1,15.1,2.3,32,11,14,2,1,1,2.3,97.9,13.8,64.1,25.7,70.5,—,—,—,—,—,—,—,—,—,—
415,Emil Heineman,Islanders,"LW,RW",—,255.7,74,23,13.7,9.5,'-3,25,11,8,2,2,1,3.4,103.3,16.3,1.1,41.7,212.8,—,—,—,—,—,—,—,—,—,—
416,Dante Fabbro,Blue Jackets,D,—,255.5,74,17,4.8,11.9,'-1.2,39,5,12,1,0,0,0.3,75.9,15.9,0,112.6,74.5,—,—,—,—,—,—,—,—,—,—
417,Oliver Kapanen,Canadiens,C,—,255.3,74,24,10.9,12.5,2.2,26,10,11,2,1,1,2,95,13.5,217.9,46,34.5,—,—,—,—,—,—,—,—,—,—
418,Sam Steel,Stars,"C,LW",—,254.6,78,30,10.3,19.6,4,31,9,18,2,0,1,1,82.5,14.5,178,30.1,72.2,—,—,—,—,—,—,—,—,—,—
419,Sam Dickinson,Sharks,D,—,254.4,76,20,4,16,1.1,34,4,16,1,0,0,0.4,88,18.1,0,84.2,79.5,—,—,—,—,—,—,—,—,—,—
420,Carter Yakemchuk,Senators,D,—,254.3,75,31,8,23,0,50,7,21,1,1,2,3,87,16,0,30,59,—,—,—,—,—,—,—,—,—,—
421,Ilya Mikheyev,Lightning,"LW,RW",—,254.3,74,26,11.8,13.7,3.9,21,11,13,2,0,0,0,112.5,12.9,3.4,19.6,41.1,—,—,—,—,—,—,—,—,—,—
422,Ryan Shea,Oilers,D,—,253.1,77,19,3.8,15.1,7.7,26,4,15,1,0,0,0.4,63.8,18.7,0,96.3,51.9,—,—,—,—,—,—,—,—,—,—
423,Samuel Girard,Penguins,D,—,253.0,71,22,3.5,18,'-2.1,26,4,18,1,0,0,0.6,73.7,20.7,0,96.7,53.4,—,—,—,—,—,—,—,—,—,—
424,Shakir Mukhamadullin,Oilers,D,—,253.0,67,15,4.4,10.4,6.4,33,4,10,1,0,0,0.5,72,17.4,0,106.4,58,—,—,—,—,—,—,—,—,—,—
425,Justin Brazeau,Penguins,RW,—,252.2,72,25,11.7,13.4,'-1.2,21,10,12,2,2,1,3,94.3,11.8,0.2,39.9,105.1,—,—,—,—,—,—,—,—,—,—
426,Dylan DeMelo,Jets,D,—,252.1,81,22,3.7,17.9,'-6.2,43,4,17,1,0,0,0.1,71.5,19.9,0,106.2,116.6,—,—,—,—,—,—,—,—,—,—
427,Jonas Siegenthaler,Devils,D,—,252.1,74,15,2.9,12,1.4,42,3,11,0,0,0,0,68.1,19.8,0,122.6,93.1,—,—,—,—,—,—,—,—,—,—
428,Warren Foegele,Senators,"LW,RW",—,251.3,78,25,14.5,10.4,0.2,30,13,10,2,1,0,1.4,107.7,11.2,15.4,22.6,89.1,—,—,—,—,—,—,—,—,—,—
429,Teddy Blueger,Maple Leafs,C,—,250.3,71,27,10.3,16.9,1.2,36,8,16,2,0,0,0.1,83.6,13.7,412.2,43.1,88.9,—,—,—,—,—,—,—,—,—,—
430,Joel Armia,Kings,RW,—,250.3,70,26,12.6,13.2,1.1,29,10,12,2,1,1,1.7,89.8,13.6,6,35.5,76.7,—,—,—,—,—,—,—,—,—,—
431,Zach Whitecloud,Flames,D,—,250.3,78,17,3.7,13.4,'-12.6,37,4,13,1,0,0,0,74.2,20,0,132.9,132.8,—,—,—,—,—,—,—,—,—,—
432,Michael Carcone,Utah,LW,—,250.0,70,26,12.5,13.4,1,28,12,12,2,1,1,2.1,107.8,12.4,2.4,18.2,91.5,—,—,—,—,—,—,—,—,—,—
433,Justin Sourdif,Capitals,"C,RW",—,249.9,80,24,14.8,9.4,2.5,36,14,9,2,1,1,1.4,99,10.5,115.2,26.6,65.1,—,—,—,—,—,—,—,—,—,—
434,Nate Schmidt,Utah,D,—,249.7,79,18,4.2,13.9,1.6,31,4,13,1,0,1,3.6,78.4,18.3,0,87.9,79.2,—,—,—,—,—,—,—,—,—,—
435,Ryan Greene,Blackhawks,"C,RW",—,249.6,81,25,10.7,14,'-8.3,26,10,14,2,0,1,0.7,85,15.7,308.1,68.1,47.7,—,—,—,—,—,—,—,—,—,—
436,Rasmus Sandin,Capitals,D,—,248.4,54,21,4.1,16.7,3,18,4,15,1,0,1,4.1,66.9,18.7,0,82.6,84.3,—,—,—,—,—,—,—,—,—,—
437,Kaedan Korczak,Penguins,D,—,247.3,75,21,2.9,18.4,'-1.9,28,3,18,0,0,0,0.3,73.1,17.3,0,93.7,108.2,—,—,—,—,—,—,—,—,—,—
438,Will Borgen,Bruins,D,—,247.2,74,17,5,12,'-2.8,41,5,12,1,0,0,0,74.2,17.9,0,108,117.1,—,—,—,—,—,—,—,—,—,—
439,Nicolas Roy,Avalanche,"C,RW",—,246.3,74,26,10,15.6,6.2,31,9,15,2,1,1,1.7,79.6,13,375.4,36.5,66.2,—,—,—,—,—,—,—,—,—,—
440,Brandon Carlo,Blues,D,—,245.8,80,12,2.5,9.6,'-5.7,45,2,9,0,0,0,0,78.6,18,0,133.1,92.4,—,—,—,—,—,—,—,—,—,—
441,Cody Glass,Devils,"C,RW",—,245.4,71,24,12.5,11.4,0.9,31,12,11,2,0,0,1.5,94,12.7,347.9,35.4,50.4,—,—,—,—,—,—,—,—,—,—
442,Johnathan Kovacevic,Devils,D,—,242.3,75,19,4.6,14.3,1.3,57,5,14,1,0,0,0,71.2,18.1,0,90.8,103.5,—,—,—,—,—,—,—,—,—,—
443,Vladislav Namestnikov,Jets,"C,LW",—,241.9,79,26,10.3,15.2,'-3.4,33,8,12,2,2,3,5.4,84.5,12,213.5,39.3,86.1,—,—,—,—,—,—,—,—,—,—
444,Anthony Beauvillier,Capitals,LW,—,241.3,82,20,10.1,10.1,2.6,28,9,9,2,0,1,1.7,108.2,10.7,27.4,34.3,82.2,—,—,—,—,—,—,—,—,—,—
445,Brendan Gallagher,Canucks,RW,—,240.8,81,25,11.2,14.2,'-8.6,42,9,12,2,2,2,3.9,111.4,11.5,8,25.9,80.6,—,—,—,—,—,—,—,—,—,—
446,Frederick Gaudreau,Kraken,"C,RW",—,240.6,77,23,9.2,14.1,'-6.8,18,9,13,1,0,1,4.4,88.3,15.4,377.6,54.3,45.4,—,—,—,—,—,—,—,—,—,—
447,Kevin Bahl,Flames,D,—,240.0,79,21,4.2,16.4,'-12.5,48,4,16,1,0,0,0.3,71.1,20.8,0,109.6,120,—,—,—,—,—,—,—,—,—,—
448,Conor Timmins,Sabres,D,—,239.7,70,17,2.9,14,1.2,37,3,14,0,0,0,0,70.1,16.3,0,100.8,57.1,—,—,—,—,—,—,—,—,—,—
449,Jamie Oleksiak,Canucks,D,—,238.6,80,14,3.9,10.6,'-12.4,37,4,10,1,0,0,0,74.9,17.2,0,130.2,93.3,—,—,—,—,—,—,—,—,—,—
450,Nick Jensen,Ducks,D,—,238.2,75,19,3.4,15.2,2.2,24,3,15,1,0,0,0,68.3,17.9,0,91.1,77,—,—,—,—,—,—,—,—,—,—
451,Andre Burakovsky,Senators,"LW,RW",—,237.4,73,26,8.9,17,0.3,21,7,12,1,2,5,7.2,83.6,13.4,2.8,25.8,27.1,—,—,—,—,—,—,—,—,—,—
452,Brian Dumoulin,Kings,D,—,234.8,82,17,3.3,14,1.8,29,3,14,1,0,0,0,68.9,17.3,0,93.4,59.6,—,—,—,—,—,—,—,—,—,—
453,Luca Cagnoni,Sharks,D,—,233.9,72,21,5,16,1,36,4,12,1,1,4,5,91,17,0,46,68,—,—,—,—,—,—,—,—,—,—
454,Wyatt Kaiser,Blackhawks,D,—,233.5,78,17,5.1,12.3,'-11,37,5,12,1,0,0,0,79,19.9,0,104.6,63,—,—,—,—,—,—,—,—,—,—
455,Berkly Catton,Kraken,"C,LW",—,233.1,75,25,11.6,13.1,'-6.2,33,11,12,2,1,1,2.4,94,13.3,121.2,34.1,34.9,—,—,—,—,—,—,—,—,—,—
456,Alex Kerfoot,Predators,"C,LW,RW",—,232.5,74,24,9.7,14.2,'-3.3,29,9,13,2,0,1,1.3,79.1,12.5,271.1,50.3,57,—,—,—,—,—,—,—,—,—,—
457,Brenden Dillon,Devils,D,—,232.3,82,16,3.3,12.8,1.3,66,3,12,1,0,0,0,60.6,17.8,0,104.2,189.6,—,—,—,—,—,—,—,—,—,—
458,Trevor van Riemsdyk,Penguins,D,—,231.7,75,16,2.5,13.5,'-1.7,30,2,13,0,0,0,0.3,62.6,16.3,0,109.2,18.8,—,—,—,—,—,—,—,—,—,—
459,Andrei Vasilevskiy,Lightning,G,11.9,230.2,—,—,—,—,—,—,—,—,—,—,—,—,—,—,—,—,—,59,33,20,6,3.8,1437,156,1593,0.902,2.64
460,Nick Lardis,Blackhawks,LW,—,229.9,78,24,12.6,11.4,'-6.2,30,11,10,2,2,2,3.5,99,11.5,0.3,25,84.9,—,—,—,—,—,—,—,—,—,—
461,Gage Goncalves,Lightning,"C,LW",—,229.8,74,26,8.4,17.2,4.9,34,7,15,1,1,2,3.5,73.7,14.6,36.5,27.5,96.1,—,—,—,—,—,—,—,—,—,—
462,Jason Dickinson,Oilers,C,—,229.8,71,20,9.8,10.6,5.1,31,9,10,2,0,0,0,74.8,14.4,494.6,51.1,97,—,—,—,—,—,—,—,—,—,—
463,Nicolas Hague,Predators,D,205.6,229.5,73,15,4.3,11,'-5.8,44,4,11,1,0,0,0,81.6,19.6,0,97.9,108.4,—,—,—,—,—,—,—,—,—,—
464,Morgan Barron,Jets,"C,LW",—,229.4,74,22,11.2,10.9,'-3.4,29,10,11,2,0,0,0,93.3,12,203.4,41.4,126.8,—,—,—,—,—,—,—,—,—,—
465,Radek Faksa,Stars,C,—,228.3,74,20,6.8,12.7,2.7,29,6,12,1,0,0,0.3,77.5,10.7,366,60.9,108.4,—,—,—,—,—,—,—,—,—,—
466,Nick Perbix,Predators,D,—,227.4,77,18,4.4,13.6,'-5.4,27,4,13,1,0,0,0,73.4,17.8,0,91.3,51.2,—,—,—,—,—,—,—,—,—,—
467,Josh Anderson,Canadiens,RW,—,227.1,76,20,11,9.2,2.2,66,10,9,2,0,0,0.6,90.3,13.2,19.3,37.4,136.8,—,—,—,—,—,—,—,—,—,—
468,Parker Wotherspoon,Knights,D,—,226.8,72,18,2.4,15.2,5.9,39,2,15,0,0,0,0.3,57.1,16.9,0,87.8,108.5,—,—,—,—,—,—,—,—,—,—
469,Connor Dewar,Penguins,"C,LW",—,225.3,72,21,9.8,11.3,'-1.2,24,9,11,2,0,0,0.5,86.5,13.1,99.2,44.8,143,—,—,—,—,—,—,—,—,—,—
470,Nic Dowd,Knights,C,—,225.0,73,20,9.5,10.4,4.3,51,9,10,1,0,0,0,70.6,12.8,491.2,54.3,119,—,—,—,—,—,—,—,—,—,—
471,Jack Drury,Predators,C,—,224.7,78,23,9.3,13.4,'-3.7,31,9,13,1,0,0,1.5,84.6,12.3,472.3,43.6,44.2,—,—,—,—,—,—,—,—,—,—
472,Jeremy Lauzon,Knights,D,—,224.7,72,12,3.1,8.7,5.9,70,3,9,0,0,0,0,73.7,17.1,0,93.2,257.7,—,—,—,—,—,—,—,—,—,—
473,A.J. Greer,Ducks,LW,—,224.0,70,23,9.7,12.8,1.5,70,9,13,2,0,0,0.5,88.6,12.6,3,30.9,178.9,—,—,—,—,—,—,—,—,—,—
474,Ondrej Palat,Islanders,LW,—,223.6,78,21,8.8,12.2,'-2.3,23,8,11,1,1,1,2.8,78.3,11.8,4.2,50.5,103.5,—,—,—,—,—,—,—,—,—,—
475,Dominic James,Lightning,C,—,223.5,67,25,10.4,14.4,3.4,25,10,13,2,1,1,2,79,11.3,227.9,21.6,71.6,—,—,—,—,—,—,—,—,—,—
476,Michael McCarron,Wild,C,—,222.0,76,18,9.1,8.6,2.9,67,8,8,1,0,0,0.1,80.5,11.9,474.2,54.6,140.3,—,—,—,—,—,—,—,—,—,—
477,Ryan Lindgren,Kraken,D,—,222.0,77,14,3.1,11.3,'-7.8,48,3,11,0,0,0,0,64.9,18,0,115.4,92.4,—,—,—,—,—,—,—,—,—,—
478,Erik Cernak,Lightning,D,—,221.6,71,13,2.8,10.3,4.8,54,3,10,0,0,0,0,63.1,16.8,0,97.2,161.6,—,—,—,—,—,—,—,—,—,—
479,Adam Wilsby,Predators,D,—,221.0,78,20,4.2,15.4,'-5.4,39,4,15,1,0,0,0.4,83.5,17.3,0,69,51.4,—,—,—,—,—,—,—,—,—,—
480,Noel Acciari,Flyers,"C,RW",—,220.3,71,16,7.8,7.9,'-0.1,22,7,8,1,0,0,0.6,75.2,12.1,325.7,73.2,116.4,—,—,—,—,—,—,—,—,—,—
481,Ilya Lyubushkin,Predators,D,—,220.2,77,13,2,11.1,'-4.8,45,2,11,0,0,0,0,50.7,16,0,127.8,110.6,—,—,—,—,—,—,—,—,—,—
482,Noah Laba,Rangers,C,—,220.1,73,25,8.8,15.8,'-3.4,32,8,15,1,1,1,1.4,77,13.4,319,38.8,97.5,—,—,—,—,—,—,—,—,—,—
483,Nick Foligno,Wild,"C,LW",—,219.4,71,22,8.7,13.7,2.6,44,7,11,1,1,2,2.9,75,12,224.2,33.9,141.6,—,—,—,—,—,—,—,—,—,—
484,Tyson Hinds,Ducks,D,—,218.7,72,9,2,7,2,18,2,7,0,0,0,0,53,16,0,127,89,—,—,—,—,—,—,—,—,—,—
485,Pontus Holmberg,Lightning,RW,—,218.6,66,20,8.9,11.4,3.7,29,9,11,1,0,0,0.5,77.2,12.3,78.5,41.7,55.7,—,—,—,—,—,—,—,—,—,—
486,Connor Hellebuyck,Jets,G,26.6,218.4,—,—,—,—,—,—,—,—,—,—,—,—,—,—,—,—,—,58,30,21,7,4.3,1421,145,1566,0.907,2.50
487,Michael Rasmussen,Red Wings,"C,LW",—,217.7,76,19,8.6,10.2,'-3.2,26,8,10,1,0,0,2,77.6,11.9,131,57.9,91.8,—,—,—,—,—,—,—,—,—,—
488,Logan Thompson,Capitals,G,28.6,217.4,—,—,—,—,—,—,—,—,—,—,—,—,—,—,—,—,—,53,30,17,6,4,1380,131,1511,0.913,2.47
489,Karel Vejmelka,Utah,G,69.2,217.1,—,—,—,—,—,—,—,—,—,—,—,—,—,—,—,—,—,60,31,22,7,3.3,1512,168,1680,0.900,2.80
490,Kevin Stenlund,Utah,C,—,217.1,76,19,9.1,10.1,1,35,8,10,1,0,0,0.2,74.4,13.6,535.1,52.7,57.5,—,—,—,—,—,—,—,—,—,—
491,Jeremy Swayman,Bruins,G,64.9,216.3,—,—,—,—,—,—,—,—,—,—,—,—,—,—,—,—,—,57,30,21,6,3.9,1478,147,1625,0.909,2.58
492,Carter Hart,Knights,G,134.6,215.9,—,—,—,—,—,—,—,—,—,—,—,—,—,—,—,—,—,55,31,18,6,3.1,1305,153,1458,0.895,2.78
493,Adam Klapka,Flames,RW,—,215.6,78,21,10.4,10.4,'-6.8,70,10,10,2,0,0,0.8,84.1,10.3,2,47.9,237,—,—,—,—,—,—,—,—,—,—
494,Kasperi Kapanen,Oilers,RW,—,215.0,67,21,8.4,12.9,5.1,23,8,12,1,0,0,1.4,84,13.8,16.3,24.4,95.5,—,—,—,—,—,—,—,—,—,—
495,Igor Shesterkin,Rangers,G,39.6,214.8,—,—,—,—,—,—,—,—,—,—,—,—,—,—,—,—,—,59,30,22,7,3.7,1495,157,1652,0.905,2.66
496,Casey Cizikas,Islanders,"C,LW",—,213.2,79,18,9,8.7,'-2.2,31,8,8,1,0,0,0.3,82.2,11.3,398.8,54.2,160.9,—,—,—,—,—,—,—,—,—,—
497,Yakov Trenin,Wild,"C,LW,RW",—,212.9,80,19,8.2,10.7,3.6,40,8,10,1,0,0,0.1,87.5,12.7,65.5,34.8,277.4,—,—,—,—,—,—,—,—,—,—
498,Jake Oettinger,Stars,G,24.6,212.3,—,—,—,—,—,—,—,—,—,—,—,—,—,—,—,—,—,56,30,20,6,3.3,1359,153,1512,0.899,2.73
499,Elias Pettersson,Canucks,D,202.7,210.6,79,13,4.8,8.7,'-11.8,19,3,9,1,1,0,1.4,73.7,19,0,101.5,154.1,—,—,—,—,—,—,—,—,—,—
500,Lars Eller,Panthers,C,—,209.6,79,18,7.5,10.5,5.3,30,7,10,1,0,0,0.6,86.4,10,396,33,60,—,—,—,—,—,—,—,—,—,—
501,Marcus Foligno,Wild,LW,—,208.9,70,18,8.4,9.9,2.9,54,8,10,1,0,0,1.5,72.9,12.3,6.7,44.5,194.9,—,—,—,—,—,—,—,—,—,—
502,Noah Ostlund,Sabres,C,—,208.1,71,22,7.6,13.9,1.1,26,7,12,1,1,2,3.2,72,13.6,130.8,33.5,32.1,—,—,—,—,—,—,—,—,—,—
503,Ryan Graves,Penguins,D,—,207.1,73,7,2.9,4,'-1.7,34,3,4,0,0,0,0,68.7,16.4,0,115.3,80.1,—,—,—,—,—,—,—,—,—,—
504,Zemgus Girgensons,Lightning,LW,—,206.3,77,16,8.1,7.6,4.4,33,8,7,1,0,0,0.1,82.5,13.2,105.6,44.1,167.9,—,—,—,—,—,—,—,—,—,—
505,Dmitri Simashev,Utah,D,—,206.1,72,12,4,8.2,1.3,38,4,8,1,0,0,0.1,78,15.5,0,76.3,47.4,—,—,—,—,—,—,—,—,—,—
506,Colton Sissons,Maple Leafs,"C,RW",—,205.6,80,17,8.3,8.8,1,34,8,8,1,0,1,1.1,76.6,11.1,436.8,47.5,91.3,—,—,—,—,—,—,—,—,—,—
507,Henri Jokiharju,Bruins,D,—,204.3,63,19,3.2,15.4,'-2.5,25,3,14,0,0,1,1.2,67.2,18.2,0,65.6,54.5,—,—,—,—,—,—,—,—,—,—
508,Nick Cousins,Senators,LW,—,204.1,76,19,8.3,11.1,0.3,59,8,11,1,0,0,0.1,82.3,11.1,29.7,35,126.8,—,—,—,—,—,—,—,—,—,—
509,Tim Washe,Ducks,C,—,202.6,75,17,9.5,7.8,1.5,32,9,7,1,0,0,0.8,87,12.9,307.7,31.5,142.8,—,—,—,—,—,—,—,—,—,—
510,Marat Khusnutdinov,Bruins,"C,LW",—,202.4,77,22,7.2,15.2,'-2.2,24,7,15,1,1,1,1.2,65,13.6,148.6,41.9,59.4,—,—,—,—,—,—,—,—,—,—
511,Lian Bichsel,Stars,D,—,201.8,77,14,4.3,10,4.8,55,4,10,1,0,0,0,67,15.8,0,66.1,207.4,—,—,—,—,—,—,—,—,—,—
512,Dmitry Kulikov,Panthers,D,—,201.7,75,10,2.8,7.1,9.7,42,3,7,0,0,0,0,68.5,18.3,0,75.4,104.1,—,—,—,—,—,—,—,—,—,—
513,Ilya Sorokin,Islanders,G,35.6,201.3,—,—,—,—,—,—,—,—,—,—,—,—,—,—,—,—,—,59,28,24,7,3.1,1632,168,1800,0.906,2.85
514,Sandis Vilmanis,Panthers,LW,—,200.3,75,22,10,12,6,22,9,12,2,1,0,1,67,10,0,18,93,—,—,—,—,—,—,—,—,—,—
515,Oliver Moore,Blackhawks,"C,RW",—,200.0,70,27,7.7,19.4,'-5.7,30,7,19,1,0,1,1.2,74,11,149.4,18.6,43.8,—,—,—,—,—,—,—,—,—,—
516,Beck Malenstyn,Sabres,"LW,RW",—,199.4,81,14,7,7.1,0.9,33,6,7,1,0,0,0.5,70.9,10.4,5.1,62.4,203.5,—,—,—,—,—,—,—,—,—,—
517,Jonathan Lekkerimaki,Canucks,RW,—,198.8,68,22,11,10.8,'-8.2,24,10,8,2,2,3,4.1,79,12.8,0,26.7,61.8,—,—,—,—,—,—,—,—,—,—
518,Lukas Dostal,Ducks,G,163.3,198.1,—,—,—,—,—,—,—,—,—,—,—,—,—,—,—,—,—,55,28,21,6,2.6,1460,163,1623,0.900,2.96
519,Ryker Evans,Kraken,D,—,198.1,74,16,4.8,11.2,'-7.9,41,4,10,1,0,1,0.9,60.4,17.2,0,84.1,79.4,—,—,—,—,—,—,—,—,—,—
520,Sean Kuraly,Bruins,"C,RW",—,197.7,77,18,7.3,11.2,'-1.8,35,7,11,1,0,0,0,83.3,11.7,312.8,37.7,107.5,—,—,—,—,—,—,—,—,—,—
521,Mark Jankowski,Hurricanes,C,—,197.5,66,18,9.5,8.8,4.9,24,9,8,1,0,0,0.6,68.2,10.9,224.8,32.9,40.5,—,—,—,—,—,—,—,—,—,—
522,Ryan Winterton,Kraken,RW,—,197.2,70,20,10,10.4,'-4.7,22,10,10,1,0,0,0.1,83,10.8,42,30.1,78.1,—,—,—,—,—,—,—,—,—,—
523,Brad Lambert,Jets,C,—,197.1,64,23,7.5,15.6,'-2.7,26,6,13,1,2,3,4.2,67,10.8,129.2,26.4,51.5,—,—,—,—,—,—,—,—,—,—
524,Logan O'Connor,Avalanche,RW,—,197.0,77,18,7.4,10.9,5.5,31,7,11,1,0,0,0,74.3,11,14.6,31.1,60.1,—,—,—,—,—,—,—,—,—,—
525,Alexander Holtz,Knights,RW,—,196.5,66,20,7.9,12.3,4,20,8,12,1,0,0,1,76,11.3,1.2,21.5,55.2,—,—,—,—,—,—,—,—,—,—
526,Fedor Svechkov,Avalanche,C,—,195.8,74,19,7.6,11.9,5.4,27,7,12,1,0,0,0.4,72,10.3,231.2,26.2,50.4,—,—,—,—,—,—,—,—,—,—
527,Nils Lundkvist,Stars,D,—,195.4,59,15,3.2,11.5,4,26,3,11,0,0,0,1,70.7,16.7,0,56.6,39,—,—,—,—,—,—,—,—,—,—
528,Jet Greaves,Blue Jackets,G,125.6,195.4,—,—,—,—,—,—,—,—,—,—,—,—,—,—,—,—,—,54,27,21,6,2.9,1441,152,1593,0.905,2.81
529,Tye Kartye,Rangers,LW,—,194.7,71,20,8.3,12.2,'-2.9,37,8,12,1,0,0,0.6,72,11.4,2.4,35.9,175.8,—,—,—,—,—,—,—,—,—,—
530,Zachary L'Heureux,Avalanche,LW,—,193.6,70,16,9.3,6.4,5,40,9,6,1,1,1,1.5,78,10.9,1.1,29,133.8,—,—,—,—,—,—,—,—,—,—
531,Anthony Duclair,Islanders,LW,—,193.2,65,19,8.7,10.4,'-1.9,21,7,9,1,2,1,2.9,73.8,12,1.1,31,26.6,—,—,—,—,—,—,—,—,—,—
532,Taylor Raddysh,Rangers,RW,—,193.2,78,20,7.9,11.6,'-3.2,24,7,11,1,0,1,1.8,75.8,11.6,9.8,34,59.5,—,—,—,—,—,—,—,—,—,—
533,Blake Lizotte,Penguins,C,—,193.2,70,20,8.1,11.8,'-1.2,30,8,12,1,0,0,0.3,69.4,13,254.1,36.7,67.4,—,—,—,—,—,—,—,—,—,—
534,Alexey Toropchenko,Blues,"LW,RW",—,193.1,76,17,7.5,9,'-3.6,29,7,9,1,0,0,0,77.2,11.3,2.5,49.8,145,—,—,—,—,—,—,—,—,—,—
535,Albert Johansson,Red Wings,D,—,192.9,81,13,3.6,9,'-4.4,30,3,9,1,0,0,0.3,60.5,14.7,0,89.1,63,—,—,—,—,—,—,—,—,—,—
536,Mason Appleton,Red Wings,RW,—,192.3,74,20,8.8,10.8,'-3.5,32,9,10,1,0,0,0.3,80.1,13,28,30.6,84.4,—,—,—,—,—,—,—,—,—,—
537,Scott Mayfield,Islanders,D,—,191.0,74,11,2.4,8.3,'-2.8,51,2,8,0,0,0,0,60.2,15.3,0,94.8,76.5,—,—,—,—,—,—,—,—,—,—
538,John Gibson,Red Wings,G,185.7,190.9,—,—,—,—,—,—,—,—,—,—,—,—,—,—,—,—,—,54,26,21,7,3,1416,150,1566,0.904,2.78
539,Brandon Bussi,Hurricanes,G,73.9,190.6,—,—,—,—,—,—,—,—,—,—,—,—,—,—,—,—,—,45,26,14,5,2.9,1052,118,1170,0.899,2.62
540,Eric Robinson,Hurricanes,"LW,RW",—,189.9,70,18,9.1,9.1,5.6,17,9,9,1,0,0,0,80.3,11,2.2,15.4,92.5,—,—,—,—,—,—,—,—,—,—
541,Garnet Hathaway,Panthers,RW,—,189.8,77,12,6,6,4.5,59,5,6,1,0,0,0,66.7,8.8,11.4,60.8,240.2,—,—,—,—,—,—,—,—,—,—
542,Juuse Saros,Predators,G,115.6,189.7,—,—,—,—,—,—,—,—,—,—,—,—,—,—,—,—,—,60,27,25,8,2.2,1547,193,1740,0.889,3.22
543,Dakota Joshua,Maple Leafs,"C,LW",—,189.6,65,19,9.1,9.8,1,41,8,10,1,0,0,1,65.2,12,36.5,33.1,189.2,—,—,—,—,—,—,—,—,—,—
544,Nick Bjugstad,Devils,C,—,189.5,72,16,8.5,7.6,0.7,34,8,7,1,0,0,0.7,84.4,9.9,281.2,29.3,103.2,—,—,—,—,—,—,—,—,—,—
545,Keegan Kolesar,Red Wings,RW,—,189.0,81,19,7.8,11.5,'-3.4,42,8,11,1,0,0,0,70.8,11.1,8.5,39.3,268.5,—,—,—,—,—,—,—,—,—,—
546,Isak Rosen,Jets,RW,—,188.7,72,19,8.5,10,'-2.8,22,7,7,1,2,3,4.5,76,10.1,0.3,25.9,39.8,—,—,—,—,—,—,—,—,—,—
547,Mark Kastelic,Bruins,"C,RW",—,188.1,71,16,8,7.7,'-1.6,74,8,7,1,0,0,0.1,77.1,10.7,261.3,42.9,171.2,—,—,—,—,—,—,—,—,—,—
548,Matthew Robertson,Rangers,D,—,187.8,75,13,3.4,9.8,'-4.4,41,3,10,1,0,0,0.4,74.5,16.6,0,69.2,84,—,—,—,—,—,—,—,—,—,—
549,Linus Ullmark,Senators,G,134.8,187.7,—,—,—,—,—,—,—,—,—,—,—,—,—,—,—,—,—,50,26,18,6,2.5,1280,145,1425,0.898,2.90
550,Brandon Duhaime,Maple Leafs,"LW,RW",—,187.7,83,14,6.9,7.3,1.1,61,6,7,1,0,0,0,73.4,10.8,8.5,48.8,173,—,—,—,—,—,—,—,—,—,—
551,Jesper Wallstedt,Wild,G,58.3,187.0,—,—,—,—,—,—,—,—,—,—,—,—,—,—,—,—,—,50,26,18,6,2.4,1278,147,1425,0.897,2.94
552,Trent Frederic,Oilers,"C,LW,RW",—,186.3,75,15,8.1,7,4.8,45,8,7,1,0,0,1,78.4,11,121.4,27.5,159.1,—,—,—,—,—,—,—,—,—,—
553,Jacob Markstrom,Panthers,G,72.5,186.1,—,—,—,—,—,—,—,—,—,—,—,—,—,—,—,—,—,48,26,17,5,2.3,1155,141,1296,0.891,2.94
554,Sergei Bobrovsky,Maple Leafs,G,90.6,186.0,—,—,—,—,—,—,—,—,—,—,—,—,—,—,—,—,—,54,26,21,7,2.3,1401,165,1566,0.895,3.06
555,Paul Cotter,Canucks,LW,—,183.6,80,20,12.4,7.7,'-9.9,34,12,7,2,0,0,0.5,77.2,11.9,54.2,27.7,217.1,—,—,—,—,—,—,—,—,—,—
556,Spencer Knight,Blackhawks,G,138.3,182.5,—,—,—,—,—,—,—,—,—,—,—,—,—,—,—,—,—,56,25,24,7,2.5,1512,168,1680,0.900,3
557,Jakub Dobes,Canadiens,G,81.1,182.5,—,—,—,—,—,—,—,—,—,—,—,—,—,—,—,—,—,49,25,18,6,2.4,1328,142,1470,0.903,2.90
558,Luke Schenn,Canucks,D,—,181.5,70,10,2.4,7.8,'-10.9,43,2,8,0,0,0,0,71.2,16.3,0,93.6,229.8,—,—,—,—,—,—,—,—,—,—
559,Scott Wedgewood,Avalanche,G,52.4,180.5,—,—,—,—,—,—,—,—,—,—,—,—,—,—,—,—,—,42,24,14,4,2.8,1046,109,1155,0.905,2.60
560,Cole Koepke,Jets,LW,—,179.9,74,19,7.9,10.9,'-2.8,20,7,11,1,0,0,0.5,81.5,9.7,0,20.2,161.2,—,—,—,—,—,—,—,—,—,—
561,Vincent Desharnais,Capitals,D,—,179.1,62,9,1.9,7.1,3,50,2,7,0,0,0,0,40.7,17.2,0,96.7,106.2,—,—,—,—,—,—,—,—,—,—
562,Mackenzie Blackwood,Avalanche,G,92.5,178.4,—,—,—,—,—,—,—,—,—,—,—,—,—,—,—,—,—,42,24,14,4,2.5,1041,114,1155,0.901,2.71
563,Nils Hoglander,Predators,LW,—,177.7,72,19,8,10.8,'-3.5,30,8,11,1,0,0,1.4,80.1,11,0.3,18.6,80.7,—,—,—,—,—,—,—,—,—,—
564,Dustin Wolf,Flames,G,192.3,176.7,—,—,—,—,—,—,—,—,—,—,—,—,—,—,—,—,—,55,24,24,7,2.4,1429,166,1595,0.896,3.02
565,Ukko-Pekka Luukkonen,Sabres,G,110.7,176.7,—,—,—,—,—,—,—,—,—,—,—,—,—,—,—,—,—,47,24,17,6,2.3,1180,136,1316,0.897,2.89
566,Tanner Jeannot,Bruins,"LW,RW",—,175.8,70,15,6.1,8.8,'-1.8,53,6,9,1,0,0,0.1,71.5,11.3,7.8,43.1,218,—,—,—,—,—,—,—,—,—,—
567,Ty Dellandrea,Sharks,C,—,175.8,70,16,5.7,10.4,0.6,43,5,9,1,0,0,1.5,64.2,11.1,302.1,38,127.8,—,—,—,—,—,—,—,—,—,—
568,Carter Mazur,Red Wings,LW,—,175.3,62,17,9,8,'-3,27,9,8,2,0,0,0,57,10,0,44,43,—,—,—,—,—,—,—,—,—,—
569,David Jiricek,Flyers,D,—,174.6,76,11,3.2,8.1,'-0.2,43,3,8,0,0,0,0,65,13.8,0,64.9,49.2,—,—,—,—,—,—,—,—,—,—
570,Joey Daccord,Kraken,G,205.6,174.2,—,—,—,—,—,—,—,—,—,—,—,—,—,—,—,—,—,50,23,21,6,2.7,1309,141,1450,0.903,2.82
571,Jake Allen,Devils,G,204.5,173.9,—,—,—,—,—,—,—,—,—,—,—,—,—,—,—,—,—,44,23,16,5,2.6,1090,120,1210,0.901,2.73
572,Joel Hofer,Blues,G,125.5,173.6,—,—,—,—,—,—,—,—,—,—,—,—,—,—,—,—,—,47,23,18,6,2.6,1208,132,1340,0.901,2.81
573,Darcy Kuemper,Kings,G,192.3,173.3,—,—,—,—,—,—,—,—,—,—,—,—,—,—,—,—,—,44,23,16,5,2.5,1089,121,1210,0.900,2.75
574,Brandon Tanev,Utah,"LW,RW",—,171.3,73,12,4.8,6.8,0.7,36,5,7,1,0,0,0,63.5,9.6,5.4,56.8,141.1,—,—,—,—,—,—,—,—,—,—
575,Aatu Raty,Canucks,C,—,170.7,76,20,8.9,11.2,'-8.2,32,9,11,1,0,0,0.2,76,11,471.8,20.1,146,—,—,—,—,—,—,—,—,—,—
576,Marc Gatcomb,Knights,RW,—,169.8,68,12,7.8,4.4,3.7,23,8,4,1,0,0,0.7,73.3,9.9,42.6,30.6,184.5,—,—,—,—,—,—,—,—,—,—
577,Josh Samanski,Oilers,C,—,169.4,80,19,6,13,4,38,6,13,1,0,0,0,36,9,182,41,67,—,—,—,—,—,—,—,—,—,—
578,Yaroslav Askarov,Sharks,G,161.3,167.4,—,—,—,—,—,—,—,—,—,—,—,—,—,—,—,—,—,50,23,21,6,1.7,1387,163,1550,0.895,3.26
579,Dan Vladar,Flyers,G,144.4,167.2,—,—,—,—,—,—,—,—,—,—,—,—,—,—,—,—,—,44,22,17,5,2.3,1173,125,1298,0.903,2.84
580,Pyotr Kochetkov,Hurricanes,G,203.4,166.9,—,—,—,—,—,—,—,—,—,—,—,—,—,—,—,—,—,39,22,13,4,2.3,907,107,1014,0.894,2.74
581,Anton Forsberg,Kings,G,—,163.0,—,—,—,—,—,—,—,—,—,—,—,—,—,—,—,—,—,40,21,14,5,2.4,992,108,1100,0.901,2.70
582,Martin Pospisil,Flames,"C,RW",—,162.8,77,18,6.7,11.1,'-6.5,64,7,11,1,0,0,1.1,76,9.9,77.1,20.6,213.2,—,—,—,—,—,—,—,—,—,—
583,Mathieu Joseph,Oilers,RW,—,162.0,63,15,4.6,10.8,3.4,24,4,11,1,0,0,1,57,10,13,31.1,99.9,—,—,—,—,—,—,—,—,—,—
584,Nico Daws,Devils,G,—,161.5,—,—,—,—,—,—,—,—,—,—,—,—,—,—,—,—,—,40,21,14,5,2.2,988,112,1100,0.898,2.80
585,Jeff Malott,Ducks,LW,—,160.7,68,13,5.9,7.1,1.1,38,6,7,1,0,0,0.6,71.1,9.6,0.8,29.5,117.5,—,—,—,—,—,—,—,—,—,—
586,Joe Veleno,Rangers,C,—,158.1,74,14,6.7,7,'-2.9,25,6,7,1,0,0,0,67.5,11.3,220.4,34.9,143.6,—,—,—,—,—,—,—,—,—,—
587,Joel Kiviranta,Stars,"LW,RW",—,157.7,66,13,6.5,6.9,2.4,20,6,7,1,0,0,0,67.8,9.8,1.9,25.3,99.7,—,—,—,—,—,—,—,—,—,—
588,Emil Andrae,Maple Leafs,D,—,157.6,59,10,2,8.4,1.3,27,2,8,0,0,1,0.7,44,15.8,0.4,68.4,64.3,—,—,—,—,—,—,—,—,—,—
589,Arturs Silovs,Penguins,G,204.9,157.4,—,—,—,—,—,—,—,—,—,—,—,—,—,—,—,—,—,46,21,19,6,1.7,1232,148,1380,0.893,3.22
590,Jesper Boqvist,Devils,"C,LW",—,156.4,71,15,6.1,8.4,0.7,21,6,8,1,0,0,0.5,65.7,10.6,70.4,24.7,113.7,—,—,—,—,—,—,—,—,—,—
591,Akira Schmid,Panthers,G,—,155.5,—,—,—,—,—,—,—,—,—,—,—,—,—,—,—,—,—,36,20,12,4,2,872,100,972,0.897,2.78
592,Cole Smith,Blackhawks,LW,—,153.5,73,15,7.6,6.9,'-5.9,44,7,6,1,0,0,0,75.2,12.6,7.3,24.4,163.5,—,—,—,—,—,—,—,—,—,—
593,Tristan Jarry,Oilers,G,—,153.2,—,—,—,—,—,—,—,—,—,—,—,—,—,—,—,—,—,38,20,14,4,1.7,969,114,1083,0.895,3
594,Jeffrey Viel,Lightning,LW,—,152.9,67,12,6.1,5.6,3,51,6,6,1,0,0,0.7,68.2,9.6,0.2,25.1,113.2,—,—,—,—,—,—,—,—,—,—
595,Cale Fleury,Kraken,D,—,152.8,51,9,2.6,6,'-5,22,2,6,0,0,0,0.7,59.9,16.1,0,67.9,88.5,—,—,—,—,—,—,—,—,—,—
596,Jack St. Ivany,Jets,D,—,152.5,55,13,1.8,10.9,'-3.3,28,2,11,0,0,0,0.8,45.5,15.3,0,62.1,90.1,—,—,—,—,—,—,—,—,—,—
597,Thatcher Demko,Canucks,G,205.7,151.5,—,—,—,—,—,—,—,—,—,—,—,—,—,—,—,—,—,43,19,18,6,2.2,1124,123,1247,0.901,2.86
598,Zach Bogosian,Wild,D,—,150.7,61,10,2.7,7,3,35,3,7,0,0,0,0,51.2,13.7,0.3,54.4,77,—,—,—,—,—,—,—,—,—,—
599,Alex Lyon,Sabres,G,187.2,149.9,—,—,—,—,—,—,—,—,—,—,—,—,—,—,—,—,—,37,19,14,4,1.9,931,105,1036,0.899,2.84
600,Isac Lundestrom,Blue Jackets,C,—,149.3,56,12,4.8,7.3,'-0.7,12,4,7,1,0,0,0.3,57.4,12.4,253.4,40.4,37.4,—,—,—,—,—,—,—,—,—,—
601,Jake Christiansen,Blue Jackets,D,—,148.7,66,10,2,7.7,'-0.9,20,2,8,0,0,0,0.5,53.8,12.5,0,58.3,51.7,—,—,—,—,—,—,—,—,—,—
602,Frederik Andersen,Oilers,G,190.8,148.4,—,—,—,—,—,—,—,—,—,—,—,—,—,—,—,—,—,36,19,13,4,1.7,920,106,1026,0.896,2.94
603,Maxim Tsyplakov,Flames,"LW,RW",—,148.3,72,16,6.5,9.4,'-6.2,27,6,9,1,0,0,0.7,70.8,10,2,19,101.4,—,—,—,—,—,—,—,—,—,—
604,William Carrier,Hurricanes,LW,—,148.3,56,13,5.5,7,4.7,21,5,7,1,0,0,0,68,10.8,5.9,16.7,126.9,—,—,—,—,—,—,—,—,—,—
605,Joseph Woll,Flyers,G,205.7,147.4,—,—,—,—,—,—,—,—,—,—,—,—,—,—,—,—,—,40,19,16,5,1.6,1056,124,1180,0.895,3.10
606,Filip Gustavsson,Wild,G,179.0,144.4,—,—,—,—,—,—,—,—,—,—,—,—,—,—,—,—,—,34,18,12,4,1.8,872,97,969,0.900,2.85
607,Oskar Back,Stars,"C,LW",—,144.2,74,14,5,8.8,2.8,18,4,8,1,0,0,0.5,45.3,10.8,75.7,31.6,34.5,—,—,—,—,—,—,—,—,—,—
608,Sergei Murashov,Penguins,G,191.8,141.9,—,—,—,—,—,—,—,—,—,—,—,—,—,—,—,—,—,38,18,15,5,1.5,1021,119,1140,0.896,3.13
609,Jayden Struble,Canadiens,D,—,140.3,59,13,2.1,10.5,2.1,43,2,10,0,0,0,0.4,39.3,14.3,0,45.3,106.3,—,—,—,—,—,—,—,—,—,—
610,Arber Xhekaj,Canadiens,D,—,139.6,59,6,1.8,4.3,1.7,70,2,4,0,0,0,0,59.2,11.8,0,54.9,185.3,—,—,—,—,—,—,—,—,—,—
611,Erik Gudbranson,Blue Jackets,D,—,139.1,45,7,1.4,5.7,'-0.5,26,1,6,0,0,0,0,48.9,13.7,0,64.9,79,—,—,—,—,—,—,—,—,—,—
612,Jacob Fowler,Canadiens,G,173.1,138.0,—,—,—,—,—,—,—,—,—,—,—,—,—,—,—,—,—,35,17,14,4,1.6,945,105,1050,0.900,3
613,Casey DeSmith,Stars,G,—,137.7,—,—,—,—,—,—,—,—,—,—,—,—,—,—,—,—,—,28,16,9,3,2.1,687,69,756,0.909,2.46
614,Jordan Binnington,Blues,G,205.1,137.5,—,—,—,—,—,—,—,—,—,—,—,—,—,—,—,—,—,37,17,15,5,1.6,943,112,1055,0.894,3.03
615,Theo Lindstein,Blues,D,—,136.8,78,12,5,7,'-6,20,5,7,1,0,0,0,62,15,0,35,56,—,—,—,—,—,—,—,—,—,—
616,Anthony Stolarz,Maple Leafs,G,204.3,133.8,—,—,—,—,—,—,—,—,—,—,—,—,—,—,—,—,—,30,16,11,3,1.6,786,84,870,0.903,2.80
617,Adin Hill,Knights,G,199.9,131.8,—,—,—,—,—,—,—,—,—,—,—,—,—,—,—,—,—,29,16,10,3,1.4,685,84,769,0.891,2.90
618,Kevin Lankinen,Canucks,G,—,131.4,—,—,—,—,—,—,—,—,—,—,—,—,—,—,—,—,—,41,16,19,6,1.5,1059,130,1189,0.891,3.17
619,Ryan Lomberg,Blue Jackets,LW,—,131.4,75,11,4.9,5.8,'-0.7,48,5,6,1,0,0,0.3,66.3,8.5,2.8,19.9,125.4,—,—,—,—,—,—,—,—,—,—
620,Alex Nedeljkovic,Sharks,G,—,129.3,—,—,—,—,—,—,—,—,—,—,—,—,—,—,—,—,—,34,16,14,4,1.1,942,112,1054,0.894,3.29
621,Jack Finley,Blues,C,—,128.6,71,11,6.6,4.5,'-3.1,36,7,4,1,0,0,0.2,67,9.9,283.1,16.5,79.5,—,—,—,—,—,—,—,—,—,—
622,Philipp Grubauer,Kraken,G,—,127.2,—,—,—,—,—,—,—,—,—,—,—,—,—,—,—,—,—,34,15,14,5,1.5,883,103,986,0.896,3.03
623,Charlie Lindgren,Capitals,G,—,125.8,—,—,—,—,—,—,—,—,—,—,—,—,—,—,—,—,—,31,15,12,4,1.3,789,95,884,0.892,3.06
624,Samuel Ersson,Senators,G,—,123.5,—,—,—,—,—,—,—,—,—,—,—,—,—,—,—,—,—,34,15,14,5,1.1,856,113,969,0.883,3.32
625,Dennis Hildeby,Lightning,G,—,123.3,—,—,—,—,—,—,—,—,—,—,—,—,—,—,—,—,—,25,14,8,3,1.5,607,68,675,0.899,2.72
626,Samuel Helenius,Kings,C,—,121.4,69,11,5.6,5.3,0.8,37,6,5,1,0,0,0,50,7.9,176,20,133.5,—,—,—,—,—,—,—,—,—,—
627,Elvis Merzlikins,Blue Jackets,G,—,120.4,—,—,—,—,—,—,—,—,—,—,—,—,—,—,—,—,—,30,14,12,4,1.2,792,93,885,0.895,3.10
628,Ville Husso,Ducks,G,—,119.7,—,—,—,—,—,—,—,—,—,—,—,—,—,—,—,—,—,29,14,11,4,1.1,765,91,856,0.894,3.14
629,Stuart Skinner,Jets,G,—,118.3,—,—,—,—,—,—,—,—,—,—,—,—,—,—,—,—,—,26,13,10,3,1.5,631,71,702,0.899,2.73
630,Devin Cooley,Flames,G,—,117.1,—,—,—,—,—,—,—,—,—,—,—,—,—,—,—,—,—,29,13,12,4,1.4,756,85,841,0.899,2.93
631,Michael DiPietro,Bruins,G,—,116.6,—,—,—,—,—,—,—,—,—,—,—,—,—,—,—,—,—,27,13,11,3,1.3,691,79,770,0.898,2.93
632,Daniil Tarasov,Red Wings,G,—,115.9,—,—,—,—,—,—,—,—,—,—,—,—,—,—,—,—,—,30,13,13,4,1.3,778,92,870,0.894,3.07
633,Sebastian Cossa,Utah,G,—,111.1,—,—,—,—,—,—,—,—,—,—,—,—,—,—,—,—,—,24,12,9,3,1.2,602,70,672,0.897,2.92
634,Joonas Korpisalo,Rangers,G,—,111.0,—,—,—,—,—,—,—,—,—,—,—,—,—,—,—,—,—,25,12,10,3,1.2,627,73,700,0.896,2.92
635,Justus Annunen,Predators,G,—,110.5,—,—,—,—,—,—,—,—,—,—,—,—,—,—,—,—,—,24,12,9,3,1.1,625,71,696,0.898,2.96
636,Zack Ostapchuk,Sharks,C,—,109.8,72,8,4.7,3.2,0.5,42,5,3,1,0,0,0,45,8.2,225.6,27.3,103.7,—,—,—,—,—,—,—,—,—,—
637,Jacob Melanson,Kraken,RW,—,102.2,69,10,4.5,5.3,'-3.8,33,5,5,1,0,0,0,49,8.7,0.3,17.5,150.8,—,—,—,—,—,—,—,—,—,—
638,Arvid Soderblom,Blackhawks,G,—,101.9,—,—,—,—,—,—,—,—,—,—,—,—,—,—,—,—,—,28,11,13,4,0.8,744,96,840,0.886,3.43
639,Vitek Vanecek,Islanders,G,—,97.1,—,—,—,—,—,—,—,—,—,—,—,—,—,—,—,—,—,25,10,11,4,0.8,678,85,763,0.889,3.40
640,Ross Johnston,Blues,LW,—,89.2,59,10,2.8,6.8,'-2.6,62,3,7,0,0,0,0,31.8,9.4,1.4,21.8,143.8,—,—,—,—,—,—,—,—,—,—
641,Nicolas Deslauriers,Hurricanes,LW,—,85.2,52,5,2.8,2.6,3.4,38,3,3,0,0,0,0,40.4,8.3,2,14.8,129.7,—,—,—,—,—,—,—,—,—,—
642,Matt Rempe,Rangers,RW,—,83.6,52,7,3.8,3.6,'-1.6,38,4,4,1,0,0,0.1,39,8,36.6,14.3,107.7,—,—,—,—,—,—,—,—,—,—
643,Devon Levi,Oilers,G,—,78.2,—,—,—,—,—,—,—,—,—,—,—,—,—,—,—,—,—,10,6,3,1,0.5,257,28,285,0.902,2.80